date,P1,P10,P50,P90,P99,,
2026-06-17,162.588,188.84,200.645,217.779,238.89,$204.65,TRUE
2026-06-18,124.411,192.783,206.74,226.546,238.164,$210.69,TRUE
2026-06-19,162.019,188.746,206.893,227.063,276.833,Market Closed,
2026-06-20,-11.987,-2.798,-1.018,0.355,13.865,Market Closed,
2026-06-21,-11.871,-3.443,-1.336,0.691,1.928,Market Closed,
2026-06-22,143.8,191.617,209.228,225.68,242.695,$208.65,FALSE
2026-06-23,127.525,192.222,209.82,232.618,294.86,$200.04,FALSE
2026-06-24,147.264,182.691,208.323,232.476,286.367,$199.00,FALSE
2026-06-25,116.049,189.091,208.775,227.056,253.881,$195.74,FALSE
2026-06-26,139.656,173.347,206.316,229.085,248.553,$192.53,FALSE
2026-06-27,-3.222,-2.1,-0.851,0.431,4.143,Market Closed,
2026-06-28,-4.693,-2.704,-1.195,0.336,2.935,Market Closed,
2026-06-29,167.112,186.224,212.245,225.489,302.406,$194.97,FALSE
2026-06-30,115.515,186.001,208.975,225.815,284.462,$200.09,FALSE
2026-07-01,161.242,185.933,208.041,225.527,264.601,$197.58,FALSE
2026-07-02,115.572,184.628,209.256,233.064,250.167,$194.83,FALSE
2026-07-03,147.016,179.978,207.783,231.838,264.212,Market Closed,
2026-07-04,-4.243,-2.447,-0.984,0.604,3.108,Market Closed,
2026-07-05,-3.926,-2.07,-1.099,0.131,3.141,Market Closed,
2026-07-06,94.404,192.279,214.513,236.661,276.917,$195.55,FALSE
2026-07-07,150.47,186.695,210.031,234.793,286.47,$196.93,FALSE
2026-07-08,133.465,175.47,209.603,230.941,249.311,$204.12,FALSE
2026-07-09,133.134,181.803,209.009,235.397,277.077,$202.78,FALSE
2026-07-10,129.211,183.337,206.693,221.83,262.385,$210.96,TRUE
2026-07-11,-6.314,-2.281,-0.955,0.21,2.262,Market Closed,
2026-07-12,-15.059,-2.689,-1.183,0.058,2.112,Market Closed,
2026-07-13,166.871,197.511,216.3,239.811,294.714,$203.53,FALSE
2026-07-14,167.698,187.036,208.859,230.028,289.039,$211.80,TRUE
2026-07-15,89.483,177.094,208.251,234.475,248.712,$212.50,TRUE
2026-07-16,133.688,183.756,208.493,230.131,252.805,$207.40,FALSE
2026-07-17,125.509,171.987,203.954,228.96,269.997,$202.81,FALSE
2026-07-18,-4.026,-2.577,-0.913,1.082,6.563,Market Closed,
2026-07-19,-4.292,-2.273,-1.298,-0.06,2.31,Market Closed,
2026-07-20,49.495,194.316,214.044,233.057,251.297,$203.28,FALSE
2026-07-21,86.489,167.565,205.022,228.956,250.889,$207.29,TRUE
2026-07-22,105.634,174.59,205.92,231.451,272.746,$212.06,TRUE
2026-07-23,139.536,182.622,206.816,230.147,261.242,$208.76,TRUE
2026-07-24,137.989,168.076,202.962,231.488,253.965,$206.84,TRUE
2026-07-25,-5.852,-3.049,-1.144,0.419,2.604,Market Closed,
2026-07-26,-4.543,-2.486,-1.127,0.255,3.53,Market Closed,
2026-07-27,131.786,185.717,211.785,238.013,269.244,$196.51,FALSE
2026-07-28,39.123,167.767,204.346,225.011,296.192,$197.01,FALSE
2026-07-29,138.535,165.01,206.995,224.859,242.505,$190.01,FALSE
2026-07-30,139.23,175.543,207.16,230.881,251.58,$195.04,FALSE
2026-07-31,112.281,163.049,203.629,226.453,254.402,$200.75,FALSE
2026-08-01,-5.148,-3.022,-1,0.337,3.169,Market Closed,
2026-08-02,-7.2,-2.375,-1.23,0.032,1.413,Market Closed,
2026-08-03,164.052,185.425,214.557,240.985,262.684,$206.64,FALSE
2026-08-04,87.278,170.814,206.826,225.887,281.518,$211.94,TRUE
2026-08-05,153.076,171.759,201.006,224.969,249.501,$219.22,TRUE
2026-08-06,155.725,185.218,210.822,233.201,275.546,$218.99,TRUE
2026-08-07,138.933,171.535,205.065,226.1,260.982,$223.96,TRUE
2026-08-08,-6.448,-2.656,-1.029,0.053,2.244,Market Closed,
2026-08-09,-3.405,-2.266,-1.071,0.828,3.546,Market Closed,
2026-08-10,177.923,194.325,211.804,237.367,266.21,$217.55,TRUE
2026-08-11,137.175,173.555,208.414,238.596,354.465,Market Closed,TRUE
2026-08-12,140.619,170.926,204.849,226.691,261.554,Market Closed,TRUE
2026-08-13,160.044,181.648,207.966,228.877,270.079,Market Closed,TRUE
2026-08-14,92.628,167.967,202.844,227.177,247.907,Market Closed,TRUE
2026-08-15,-3.895,-2.228,-1.011,0.304,1.78,Market Closed,TRUE
2026-08-16,-4.74,-2.787,-1.307,-0.156,2.407,Market Closed,TRUE
2026-08-17,175.861,191.403,213.568,233.569,274.191,Market Closed,TRUE
2026-08-18,136.513,179.224,209.821,232.894,259.069,Market Closed,TRUE
2026-08-19,155.175,175.435,209.464,229.4,352.028,Market Closed,TRUE
2026-08-20,114.988,185.03,209.121,230.742,314.732,Market Closed,TRUE
2026-08-21,147.405,168.757,206.706,235.418,280.476,Market Closed,TRUE
2026-08-22,-5.592,-2.469,-0.839,0.948,2.903,Market Closed,TRUE
2026-08-23,-4.77,-2.723,-1.139,0.239,2.243,Market Closed,TRUE
2026-08-24,158.644,196.018,216.921,237.423,288.69,Market Closed,TRUE
2026-08-25,143.287,186.716,211.816,246.729,514.457,Market Closed,TRUE
2026-08-26,156.697,184.315,206.935,237.549,272.894,Market Closed,TRUE
2026-08-27,153.72,189.759,209.989,235.312,268.294,Market Closed,TRUE
2026-08-28,117.106,180.255,210.184,233.181,257.312,Market Closed,TRUE
2026-08-29,-4.816,-3.156,-1.182,0.349,5.812,Market Closed,TRUE
2026-08-30,-6.537,-2.436,-1.208,0.182,4.13,Market Closed,TRUE
2026-08-31,119.176,195.612,217.268,239.91,281.075,Market Closed,TRUE
2026-09-01,128.444,183.892,210.431,241.021,279.696,Market Closed,TRUE
2026-09-02,133.134,183.885,210.861,238.579,271.317,Market Closed,TRUE
2026-09-03,156.233,189.639,212.137,234.601,249.777,Market Closed,TRUE
2026-09-04,144.953,175.001,205.391,224.478,263.486,Market Closed,TRUE
2026-09-05,-5.161,-2.642,-1.235,0.418,3.537,Market Closed,TRUE
2026-09-06,-4.153,-2.595,-1.204,-0.079,1.667,Market Closed,TRUE
2026-09-07,-4.452,-2.535,-0.945,0.018,1.614,Market Closed,TRUE
2026-09-08,161.034,177.034,205.112,234.713,263.078,Market Closed,TRUE
2026-09-09,148.902,165.781,188.632,218.953,246.049,Market Closed,TRUE
2026-09-10,130.2,167.585,199.536,221.841,245.708,Market Closed,TRUE
2026-09-11,138.974,164.113,195.079,226.631,265.083,Market Closed,TRUE
2026-09-12,-3.951,-2.334,-0.897,0.608,1.972,Market Closed,TRUE
2026-09-13,-4.968,-2.44,-1.255,-0.003,1.434,Market Closed,TRUE
2026-09-14,142.512,173.048,194.627,217.192,274.121,Market Closed,TRUE
2026-09-15,146.988,170.882,205.933,232.835,383.777,Market Closed,TRUE
2026-09-16,95.833,171.779,203.305,242.309,317.158,Market Closed,TRUE
2026-09-17,126.047,168.384,204.188,236.633,292.545,Market Closed,TRUE
2026-09-18,106.725,172.445,205.124,231.379,297.014,Market Closed,