date,P10,P50,P90
2026-05-15,55.799,79.768,100.83
2026-05-16,-0.932,-0.625,14.177
2026-05-17,-0.162,-0.089,-0.025
2026-05-18,62.147,84.639,102.667
2026-05-19,69.007,82.432,99.221
2026-05-20,68.593,82.47,101.296
2026-05-21,56.232,78.577,100.746
2026-05-22,54.785,78.55,96.346
2026-05-23,-0.518,-0.452,32.81
2026-05-24,-0.089,0.123,0.185
2026-05-25,52.559,81.587,101.452
2026-05-26,69.458,82.266,103.447
2026-05-27,70.655,89.591,104.278
2026-05-28,64.589,84.606,104.403
2026-05-29,56.64,82.656,104.15
2026-05-30,-0.168,-0.102,22.151
2026-05-31,-0.379,-0.304,-0.237
2026-06-01,64.123,86.172,109.089
2026-06-02,71.293,91.161,108.567
2026-06-03,71.976,90.595,107.657
2026-06-04,62.569,85.739,106.865
2026-06-05,69.29,83.837,106.189
2026-06-06,-0.45,-0.374,26.835
2026-06-07,-0.537,-0.203,-0.137
2026-06-08,54.503,83.042,106.704
2026-06-09,72.334,88.633,104.516
2026-06-10,71.783,85.454,107.528
2026-06-11,65.684,84.823,107.317
2026-06-12,52.94,82.773,102.782
2026-06-13,-0.667,-0.579,14.34
2026-06-14,-0.51,-0.144,-0.079
2026-06-15,67.482,86.891,108.831
2026-06-16,70.559,88.447,104.514
2026-06-17,70.994,86.911,105.047
2026-06-18,54.966,82.126,103.611
2026-06-19,56.577,84.314,103.278
2026-06-20,-0.322,-0.234,23.791
2026-06-21,-0.731,-0.193,-0.131
2026-06-22,54.985,86.27,104.822
2026-06-23,70.074,84.297,105.873
2026-06-24,70.558,88.05,104.716
2026-06-25,46.88,82.949,104.323
2026-06-26,55.684,82.779,104.382