item_id,timestamp,target
xauusd,2026-04-16T19:00:00Z,4793.63
xauusd,2026-04-16T20:00:00Z,4790.97
xauusd,2026-04-16T22:00:00Z,4795.2
xauusd,2026-04-16T23:00:00Z,4791.98
xauusd,2026-04-17T00:00:00Z,4794.82
xauusd,2026-04-17T01:00:00Z,4789.42
xauusd,2026-04-17T02:00:00Z,4784.72
xauusd,2026-04-17T03:00:00Z,4793.27
xauusd,2026-04-17T04:00:00Z,4803.2
xauusd,2026-04-17T05:00:00Z,4794.41
xauusd,2026-04-17T06:00:00Z,4785.07
xauusd,2026-04-17T07:00:00Z,4784.47
xauusd,2026-04-17T08:00:00Z,4796.08
xauusd,2026-04-17T09:00:00Z,4790.71
xauusd,2026-04-17T10:00:00Z,4787.29
xauusd,2026-04-17T11:00:00Z,4799.12
xauusd,2026-04-17T12:00:00Z,4846.78
xauusd,2026-04-17T13:00:00Z,4880.53
xauusd,2026-04-17T14:00:00Z,4873.11
xauusd,2026-04-17T15:00:00Z,4867.24
xauusd,2026-04-17T16:00:00Z,4867.17
xauusd,2026-04-17T17:00:00Z,4862.48
xauusd,2026-04-17T18:00:00Z,4858.22
xauusd,2026-04-17T19:00:00Z,4854.69
xauusd,2026-04-17T20:00:00Z,4834.06
xauusd,2026-04-19T22:00:00Z,4779.13
xauusd,2026-04-19T23:00:00Z,4755.22
xauusd,2026-04-20T00:00:00Z,4772.86
xauusd,2026-04-20T01:00:00Z,4807.85
xauusd,2026-04-20T02:00:00Z,4797.12
xauusd,2026-04-20T03:00:00Z,4791.0
xauusd,2026-04-20T04:00:00Z,4788.75
xauusd,2026-04-20T05:00:00Z,4790.88
xauusd,2026-04-20T06:00:00Z,4795.02
xauusd,2026-04-20T07:00:00Z,4789.55
xauusd,2026-04-20T08:00:00Z,4796.14
xauusd,2026-04-20T09:00:00Z,4791.44
xauusd,2026-04-20T10:00:00Z,4795.7
xauusd,2026-04-20T11:00:00Z,4810.56
xauusd,2026-04-20T12:00:00Z,4803.51
xauusd,2026-04-20T13:00:00Z,4817.97
xauusd,2026-04-20T14:00:00Z,4805.44
xauusd,2026-04-20T15:00:00Z,4799.71
xauusd,2026-04-20T16:00:00Z,4805.49
xauusd,2026-04-20T17:00:00Z,4806.54
xauusd,2026-04-20T18:00:00Z,4814.03
xauusd,2026-04-20T19:00:00Z,4814.12
xauusd,2026-04-20T20:00:00Z,4820.65
xauusd,2026-04-20T22:00:00Z,4827.5
xauusd,2026-04-20T23:00:00Z,4821.67
xauusd,2026-04-21T00:00:00Z,4823.84
xauusd,2026-04-21T01:00:00Z,4810.4
xauusd,2026-04-21T02:00:00Z,4806.99
xauusd,2026-04-21T03:00:00Z,4797.28
xauusd,2026-04-21T04:00:00Z,4789.24
xauusd,2026-04-21T05:00:00Z,4784.18
xauusd,2026-04-21T06:00:00Z,4778.43
xauusd,2026-04-21T07:00:00Z,4786.05
xauusd,2026-04-21T08:00:00Z,4785.88
xauusd,2026-04-21T09:00:00Z,4783.64
xauusd,2026-04-21T10:00:00Z,4789.89
xauusd,2026-04-21T11:00:00Z,4794.49
xauusd,2026-04-21T12:00:00Z,4778.83
xauusd,2026-04-21T13:00:00Z,4779.2
xauusd,2026-04-21T14:00:00Z,4738.58
xauusd,2026-04-21T15:00:00Z,4741.45
xauusd,2026-04-21T16:00:00Z,4711.42
xauusd,2026-04-21T17:00:00Z,4711.46
xauusd,2026-04-21T18:00:00Z,4709.39
xauusd,2026-04-21T19:00:00Z,4678.89
xauusd,2026-04-21T20:00:00Z,4720.14
xauusd,2026-04-21T22:00:00Z,4719.38
xauusd,2026-04-21T23:00:00Z,4737.88
xauusd,2026-04-22T00:00:00Z,4739.79
xauusd,2026-04-22T01:00:00Z,4752.09
xauusd,2026-04-22T02:00:00Z,4755.58
xauusd,2026-04-22T03:00:00Z,4758.23
xauusd,2026-04-22T04:00:00Z,4754.66
xauusd,2026-04-22T05:00:00Z,4767.81
xauusd,2026-04-22T06:00:00Z,4767.33
xauusd,2026-04-22T07:00:00Z,4760.44
xauusd,2026-04-22T08:00:00Z,4756.96
xauusd,2026-04-22T09:00:00Z,4755.29
xauusd,2026-04-22T10:00:00Z,4759.21
xauusd,2026-04-22T11:00:00Z,4750.67
xauusd,2026-04-22T12:00:00Z,4744.35
xauusd,2026-04-22T13:00:00Z,4752.8
xauusd,2026-04-22T14:00:00Z,4735.77
xauusd,2026-04-22T15:00:00Z,4727.7
xauusd,2026-04-22T16:00:00Z,4728.75
xauusd,2026-04-22T17:00:00Z,4737.26
xauusd,2026-04-22T18:00:00Z,4741.84
xauusd,2026-04-22T19:00:00Z,4740.29
xauusd,2026-04-22T20:00:00Z,4740.11
xauusd,2026-04-22T22:00:00Z,4725.88
xauusd,2026-04-22T23:00:00Z,4727.87
xauusd,2026-04-23T00:00:00Z,4747.59
xauusd,2026-04-23T01:00:00Z,4723.09
xauusd,2026-04-23T02:00:00Z,4698.94
xauusd,2026-04-23T03:00:00Z,4703.84
xauusd,2026-04-23T04:00:00Z,4704.31
xauusd,2026-04-23T05:00:00Z,4713.29
xauusd,2026-04-23T06:00:00Z,4712.87
xauusd,2026-04-23T07:00:00Z,4719.38
xauusd,2026-04-23T08:00:00Z,4703.23
xauusd,2026-04-23T09:00:00Z,4697.65
xauusd,2026-04-23T10:00:00Z,4696.45
xauusd,2026-04-23T11:00:00Z,4720.71
xauusd,2026-04-23T12:00:00Z,4740.43
xauusd,2026-04-23T13:00:00Z,4724.13
xauusd,2026-04-23T14:00:00Z,4733.82
xauusd,2026-04-23T15:00:00Z,4720.32
xauusd,2026-04-23T16:00:00Z,4732.92
xauusd,2026-04-23T17:00:00Z,4709.48
xauusd,2026-04-23T18:00:00Z,4701.21
xauusd,2026-04-23T19:00:00Z,4695.9
xauusd,2026-04-23T20:00:00Z,4694.31
xauusd,2026-04-23T22:00:00Z,4693.31
xauusd,2026-04-23T23:00:00Z,4695.23
xauusd,2026-04-24T00:00:00Z,4704.48
xauusd,2026-04-24T01:00:00Z,4699.11
xauusd,2026-04-24T02:00:00Z,4676.8
xauusd,2026-04-24T03:00:00Z,4672.02
xauusd,2026-04-24T04:00:00Z,4674.46
xauusd,2026-04-24T05:00:00Z,4686.51
xauusd,2026-04-24T06:00:00Z,4672.08
xauusd,2026-04-24T07:00:00Z,4694.56
xauusd,2026-04-24T08:00:00Z,4690.5
xauusd,2026-04-24T09:00:00Z,4682.16
xauusd,2026-04-24T10:00:00Z,4677.69
xauusd,2026-04-24T11:00:00Z,4706.74
xauusd,2026-04-24T12:00:00Z,4700.62
xauusd,2026-04-24T13:00:00Z,4711.07
xauusd,2026-04-24T14:00:00Z,4726.24
xauusd,2026-04-24T15:00:00Z,4727.38
xauusd,2026-04-24T16:00:00Z,4726.77
xauusd,2026-04-24T17:00:00Z,4723.5
xauusd,2026-04-24T18:00:00Z,4722.76
xauusd,2026-04-24T19:00:00Z,4717.47
xauusd,2026-04-24T20:00:00Z,4708.02
xauusd,2026-04-26T22:00:00Z,4684.69
xauusd,2026-04-26T23:00:00Z,4679.9
xauusd,2026-04-27T00:00:00Z,4697.7
xauusd,2026-04-27T01:00:00Z,4702.94
xauusd,2026-04-27T02:00:00Z,4718.37
xauusd,2026-04-27T03:00:00Z,4724.3
xauusd,2026-04-27T04:00:00Z,4724.69
xauusd,2026-04-27T05:00:00Z,4710.19
xauusd,2026-04-27T06:00:00Z,4712.66
xauusd,2026-04-27T07:00:00Z,4713.44
xauusd,2026-04-27T08:00:00Z,4706.62
xauusd,2026-04-27T09:00:00Z,4703.58
xauusd,2026-04-27T10:00:00Z,4708.94
xauusd,2026-04-27T11:00:00Z,4704.74
xauusd,2026-04-27T12:00:00Z,4699.1
xauusd,2026-04-27T13:00:00Z,4696.11
xauusd,2026-04-27T14:00:00Z,4678.01
xauusd,2026-04-27T15:00:00Z,4670.14
xauusd,2026-04-27T16:00:00Z,4676.59
xauusd,2026-04-27T17:00:00Z,4682.22
xauusd,2026-04-27T18:00:00Z,4680.83
xauusd,2026-04-27T19:00:00Z,4680.49
xauusd,2026-04-27T20:00:00Z,4681.69
xauusd,2026-04-27T22:00:00Z,4688.0
xauusd,2026-04-27T23:00:00Z,4692.08
xauusd,2026-04-28T00:00:00Z,4690.84
xauusd,2026-04-28T01:00:00Z,4670.72
xauusd,2026-04-28T02:00:00Z,4669.16
xauusd,2026-04-28T03:00:00Z,4670.69
xauusd,2026-04-28T04:00:00Z,4667.77
xauusd,2026-04-28T05:00:00Z,4631.95
xauusd,2026-04-28T06:00:00Z,4628.95
xauusd,2026-04-28T07:00:00Z,4632.76
xauusd,2026-04-28T08:00:00Z,4629.77
xauusd,2026-04-28T09:00:00Z,4605.09
xauusd,2026-04-28T10:00:00Z,4603.08
xauusd,2026-04-28T11:00:00Z,4562.7
xauusd,2026-04-28T12:00:00Z,4593.86
xauusd,2026-04-28T13:00:00Z,4580.12
xauusd,2026-04-28T14:00:00Z,4574.48
xauusd,2026-04-28T15:00:00Z,4586.34
xauusd,2026-04-28T16:00:00Z,4592.28
xauusd,2026-04-28T17:00:00Z,4594.76
xauusd,2026-04-28T18:00:00Z,4594.15
xauusd,2026-04-28T19:00:00Z,4595.72
xauusd,2026-04-28T20:00:00Z,4597.3
xauusd,2026-04-28T22:00:00Z,4594.16
xauusd,2026-04-28T23:00:00Z,4595.77
xauusd,2026-04-29T00:00:00Z,4600.42
xauusd,2026-04-29T01:00:00Z,4584.7
xauusd,2026-04-29T02:00:00Z,4593.65
xauusd,2026-04-29T03:00:00Z,4595.51
xauusd,2026-04-29T04:00:00Z,4604.91
xauusd,2026-04-29T05:00:00Z,4590.86
xauusd,2026-04-29T06:00:00Z,4584.63
xauusd,2026-04-29T07:00:00Z,4567.64
xauusd,2026-04-29T08:00:00Z,4573.32
xauusd,2026-04-29T09:00:00Z,4555.93
xauusd,2026-04-29T10:00:00Z,4569.94
xauusd,2026-04-29T11:00:00Z,4561.71
xauusd,2026-04-29T12:00:00Z,4545.04
xauusd,2026-04-29T13:00:00Z,4521.69
xauusd,2026-04-29T14:00:00Z,4539.23
xauusd,2026-04-29T15:00:00Z,4547.8
xauusd,2026-04-29T16:00:00Z,4545.33
xauusd,2026-04-29T17:00:00Z,4547.38
xauusd,2026-04-29T18:00:00Z,4538.22
xauusd,2026-04-29T19:00:00Z,4546.86
xauusd,2026-04-29T20:00:00Z,4543.66
xauusd,2026-04-29T22:00:00Z,4552.22
xauusd,2026-04-29T23:00:00Z,4561.83
xauusd,2026-04-30T00:00:00Z,4570.07
xauusd,2026-04-30T01:00:00Z,4579.17
xauusd,2026-04-30T02:00:00Z,4564.85
xauusd,2026-04-30T03:00:00Z,4556.2
xauusd,2026-04-30T04:00:00Z,4542.03
xauusd,2026-04-30T05:00:00Z,4562.66
xauusd,2026-04-30T06:00:00Z,4589.38
xauusd,2026-04-30T07:00:00Z,4598.37
xauusd,2026-04-30T08:00:00Z,4616.39
xauusd,2026-04-30T09:00:00Z,4625.32
xauusd,2026-04-30T10:00:00Z,4639.68
xauusd,2026-04-30T11:00:00Z,4629.81
xauusd,2026-04-30T12:00:00Z,4639.28
xauusd,2026-04-30T13:00:00Z,4610.89
xauusd,2026-04-30T14:00:00Z,4619.99
xauusd,2026-04-30T15:00:00Z,4615.52
xauusd,2026-04-30T16:00:00Z,4607.73
xauusd,2026-04-30T17:00:00Z,4616.92
xauusd,2026-04-30T18:00:00Z,4622.59
xauusd,2026-04-30T19:00:00Z,4617.27
xauusd,2026-04-30T20:00:00Z,4621.7
xauusd,2026-04-30T22:00:00Z,4630.61
xauusd,2026-04-30T23:00:00Z,4626.58
xauusd,2026-05-01T00:00:00Z,4619.82
xauusd,2026-05-01T01:00:00Z,4621.05
xauusd,2026-05-01T02:00:00Z,4618.97
xauusd,2026-05-01T03:00:00Z,4626.78
xauusd,2026-05-01T04:00:00Z,4609.34
xauusd,2026-05-01T05:00:00Z,4605.06
xauusd,2026-05-01T06:00:00Z,4594.79
xauusd,2026-05-01T07:00:00Z,4578.13
xauusd,2026-05-01T08:00:00Z,4568.53
xauusd,2026-05-01T09:00:00Z,4562.98
xauusd,2026-05-01T10:00:00Z,4566.96
xauusd,2026-05-01T11:00:00Z,4578.85
xauusd,2026-05-01T12:00:00Z,4591.04
xauusd,2026-05-01T13:00:00Z,4625.25
xauusd,2026-05-01T14:00:00Z,4632.21
xauusd,2026-05-01T15:00:00Z,4643.02
xauusd,2026-05-01T16:00:00Z,4639.09
xauusd,2026-05-01T17:00:00Z,4629.74
xauusd,2026-05-01T18:00:00Z,4624.13
xauusd,2026-05-01T19:00:00Z,4610.14
xauusd,2026-05-01T20:00:00Z,4616.19
xauusd,2026-05-03T22:00:00Z,4619.05
xauusd,2026-05-03T23:00:00Z,4613.75
xauusd,2026-05-04T00:00:00Z,4613.16
xauusd,2026-05-04T01:00:00Z,4613.33
xauusd,2026-05-04T02:00:00Z,4605.55
xauusd,2026-05-04T03:00:00Z,4615.16
xauusd,2026-05-04T04:00:00Z,4606.02
xauusd,2026-05-04T05:00:00Z,4598.97
xauusd,2026-05-04T06:00:00Z,4588.37
xauusd,2026-05-04T07:00:00Z,4578.78
xauusd,2026-05-04T08:00:00Z,4576.88
xauusd,2026-05-04T09:00:00Z,4575.06
xauusd,2026-05-04T10:00:00Z,4562.53
xauusd,2026-05-04T11:00:00Z,4560.0
xauusd,2026-05-04T12:00:00Z,4568.54
xauusd,2026-05-04T13:00:00Z,4564.13
xauusd,2026-05-04T14:00:00Z,4561.04
xauusd,2026-05-04T15:00:00Z,4521.26
xauusd,2026-05-04T16:00:00Z,4510.74
xauusd,2026-05-04T17:00:00Z,4522.32
xauusd,2026-05-04T18:00:00Z,4516.35
xauusd,2026-05-04T19:00:00Z,4517.15
xauusd,2026-05-04T20:00:00Z,4523.66
xauusd,2026-05-04T22:00:00Z,4517.29
xauusd,2026-05-04T23:00:00Z,4519.03
xauusd,2026-05-05T00:00:00Z,4530.17
xauusd,2026-05-05T01:00:00Z,4540.79
xauusd,2026-05-05T02:00:00Z,4538.92
xauusd,2026-05-05T03:00:00Z,4534.45
xauusd,2026-05-05T04:00:00Z,4533.51
xauusd,2026-05-05T05:00:00Z,4545.52
xauusd,2026-05-05T06:00:00Z,4547.97
xauusd,2026-05-05T07:00:00Z,4545.37
xauusd,2026-05-05T08:00:00Z,4558.22
xauusd,2026-05-05T09:00:00Z,4556.22
xauusd,2026-05-05T10:00:00Z,4543.74
xauusd,2026-05-05T11:00:00Z,4562.44
xauusd,2026-05-05T12:00:00Z,4564.53
xauusd,2026-05-05T13:00:00Z,4579.14
xauusd,2026-05-05T14:00:00Z,4582.1
xauusd,2026-05-05T15:00:00Z,4568.63
xauusd,2026-05-05T16:00:00Z,4561.12
xauusd,2026-05-05T17:00:00Z,4559.86
xauusd,2026-05-05T18:00:00Z,4561.15
xauusd,2026-05-05T19:00:00Z,4554.86
xauusd,2026-05-05T20:00:00Z,4557.6
xauusd,2026-05-05T22:00:00Z,4572.78
xauusd,2026-05-05T23:00:00Z,4593.88
xauusd,2026-05-06T00:00:00Z,4618.87
xauusd,2026-05-06T01:00:00Z,4626.15
xauusd,2026-05-06T02:00:00Z,4640.64
xauusd,2026-05-06T03:00:00Z,4643.84
xauusd,2026-05-06T04:00:00Z,4649.12
xauusd,2026-05-06T05:00:00Z,4662.94
xauusd,2026-05-06T06:00:00Z,4668.71
xauusd,2026-05-06T07:00:00Z,4681.39
xauusd,2026-05-06T08:00:00Z,4700.02
xauusd,2026-05-06T09:00:00Z,4701.79
xauusd,2026-05-06T10:00:00Z,4718.11
xauusd,2026-05-06T11:00:00Z,4691.95
xauusd,2026-05-06T12:00:00Z,4683.34
xauusd,2026-05-06T13:00:00Z,4702.2
xauusd,2026-05-06T14:00:00Z,4703.24
xauusd,2026-05-06T15:00:00Z,4688.01
xauusd,2026-05-06T16:00:00Z,4683.33
xauusd,2026-05-06T17:00:00Z,4684.0
xauusd,2026-05-06T18:00:00Z,4686.05
xauusd,2026-05-06T19:00:00Z,4693.36
xauusd,2026-05-06T20:00:00Z,4691.02
xauusd,2026-05-06T22:00:00Z,4694.75
xauusd,2026-05-06T23:00:00Z,4699.07
xauusd,2026-05-07T00:00:00Z,4688.46
xauusd,2026-05-07T01:00:00Z,4714.81
xauusd,2026-05-07T02:00:00Z,4707.37
xauusd,2026-05-07T03:00:00Z,4699.14
xauusd,2026-05-07T04:00:00Z,4696.52
xauusd,2026-05-07T05:00:00Z,4701.1
xauusd,2026-05-07T06:00:00Z,4738.76
xauusd,2026-05-07T07:00:00Z,4743.22
xauusd,2026-05-07T08:00:00Z,4730.82
xauusd,2026-05-07T09:00:00Z,4729.07
xauusd,2026-05-07T10:00:00Z,4735.82
xauusd,2026-05-07T11:00:00Z,4742.91
xauusd,2026-05-07T12:00:00Z,4750.23
xauusd,2026-05-07T13:00:00Z,4746.15
xauusd,2026-05-07T14:00:00Z,4762.69
xauusd,2026-05-07T15:00:00Z,4729.44
xauusd,2026-05-07T16:00:00Z,4715.15
xauusd,2026-05-07T17:00:00Z,4711.66
xauusd,2026-05-07T18:00:00Z,4709.84
xauusd,2026-05-07T19:00:00Z,4703.34
xauusd,2026-05-07T20:00:00Z,4687.27
xauusd,2026-05-07T22:00:00Z,4685.73
xauusd,2026-05-07T23:00:00Z,4704.16
xauusd,2026-05-08T00:00:00Z,4701.47
xauusd,2026-05-08T01:00:00Z,4723.02
xauusd,2026-05-08T02:00:00Z,4713.46
xauusd,2026-05-08T03:00:00Z,4719.53
xauusd,2026-05-08T04:00:00Z,4711.1
xauusd,2026-05-08T05:00:00Z,4727.63
xauusd,2026-05-08T06:00:00Z,4725.58
xauusd,2026-05-08T07:00:00Z,4708.1
xauusd,2026-05-08T08:00:00Z,4715.7
xauusd,2026-05-08T09:00:00Z,4711.71
xauusd,2026-05-08T10:00:00Z,4720.08
xauusd,2026-05-08T11:00:00Z,4717.87
xauusd,2026-05-08T12:00:00Z,4724.35
xauusd,2026-05-08T13:00:00Z,4747.6
xauusd,2026-05-08T14:00:00Z,4716.51
xauusd,2026-05-08T15:00:00Z,4707.16
xauusd,2026-05-08T16:00:00Z,4712.34
xauusd,2026-05-08T17:00:00Z,4720.81
xauusd,2026-05-08T18:00:00Z,4721.93
xauusd,2026-05-08T19:00:00Z,4723.94
xauusd,2026-05-08T20:00:00Z,4715.2
xauusd,2026-05-10T22:00:00Z,4691.58
xauusd,2026-05-10T23:00:00Z,4691.47
xauusd,2026-05-11T00:00:00Z,4683.39
xauusd,2026-05-11T01:00:00Z,4685.66
xauusd,2026-05-11T02:00:00Z,4681.54
xauusd,2026-05-11T03:00:00Z,4678.48
xauusd,2026-05-11T04:00:00Z,4671.9
xauusd,2026-05-11T05:00:00Z,4652.14
xauusd,2026-05-11T06:00:00Z,4678.56
xauusd,2026-05-11T07:00:00Z,4667.67
xauusd,2026-05-11T08:00:00Z,4667.58
xauusd,2026-05-11T09:00:00Z,4656.93
xauusd,2026-05-11T10:00:00Z,4664.42
xauusd,2026-05-11T11:00:00Z,4674.59
xauusd,2026-05-11T12:00:00Z,4699.51
xauusd,2026-05-11T13:00:00Z,4736.23
xauusd,2026-05-11T14:00:00Z,4725.52
xauusd,2026-05-11T15:00:00Z,4732.16
xauusd,2026-05-11T16:00:00Z,4716.56
xauusd,2026-05-11T17:00:00Z,4723.56
xauusd,2026-05-11T18:00:00Z,4724.9
xauusd,2026-05-11T19:00:00Z,4733.46
xauusd,2026-05-11T20:00:00Z,4734.8
xauusd,2026-05-11T22:00:00Z,4750.77
xauusd,2026-05-11T23:00:00Z,4767.31
xauusd,2026-05-12T00:00:00Z,4749.45
xauusd,2026-05-12T01:00:00Z,4727.09
xauusd,2026-05-12T02:00:00Z,4730.21
xauusd,2026-05-12T03:00:00Z,4720.1
xauusd,2026-05-12T04:00:00Z,4713.77
xauusd,2026-05-12T05:00:00Z,4714.16
xauusd,2026-05-12T06:00:00Z,4697.58
xauusd,2026-05-12T07:00:00Z,4699.96
xauusd,2026-05-12T08:00:00Z,4703.23
xauusd,2026-05-12T09:00:00Z,4699.61
xauusd,2026-05-12T10:00:00Z,4694.48
xauusd,2026-05-12T11:00:00Z,4706.47
xauusd,2026-05-12T12:00:00Z,4706.05
xauusd,2026-05-12T13:00:00Z,4678.7
xauusd,2026-05-12T14:00:00Z,4672.78
xauusd,2026-05-12T15:00:00Z,4666.01
xauusd,2026-05-12T16:00:00Z,4671.24
xauusd,2026-05-12T17:00:00Z,4678.86
xauusd,2026-05-12T18:00:00Z,4695.86
xauusd,2026-05-12T19:00:00Z,4715.8
xauusd,2026-05-12T20:00:00Z,4715.34
xauusd,2026-05-12T22:00:00Z,4716.88
xauusd,2026-05-12T23:00:00Z,4716.91
xauusd,2026-05-13T00:00:00Z,4714.63
xauusd,2026-05-13T01:00:00Z,4702.65
xauusd,2026-05-13T02:00:00Z,4691.67
xauusd,2026-05-13T03:00:00Z,4696.16
xauusd,2026-05-13T04:00:00Z,4700.24
xauusd,2026-05-13T05:00:00Z,4704.12
xauusd,2026-05-13T06:00:00Z,4701.18
xauusd,2026-05-13T07:00:00Z,4703.68
xauusd,2026-05-13T08:00:00Z,4700.6
xauusd,2026-05-13T09:00:00Z,4700.77
xauusd,2026-05-13T10:00:00Z,4694.06
xauusd,2026-05-13T11:00:00Z,4697.32
xauusd,2026-05-13T12:00:00Z,4683.71
xauusd,2026-05-13T13:00:00Z,4679.59
xauusd,2026-05-13T14:00:00Z,4679.76
xauusd,2026-05-13T15:00:00Z,4695.34
xauusd,2026-05-13T16:00:00Z,4695.66
xauusd,2026-05-13T17:00:00Z,4685.47
xauusd,2026-05-13T18:00:00Z,4685.07
xauusd,2026-05-13T19:00:00Z,4688.15
xauusd,2026-05-13T20:00:00Z,4688.95
xauusd,2026-05-13T22:00:00Z,4699.98
xauusd,2026-05-13T23:00:00Z,4696.68
xauusd,2026-05-14T00:00:00Z,4705.25
xauusd,2026-05-14T01:00:00Z,4688.98
xauusd,2026-05-14T02:00:00Z,4686.2
xauusd,2026-05-14T03:00:00Z,4674.88
xauusd,2026-05-14T04:00:00Z,4702.34
xauusd,2026-05-14T05:00:00Z,4689.81
xauusd,2026-05-14T06:00:00Z,4700.49
xauusd,2026-05-14T07:00:00Z,4692.9
xauusd,2026-05-14T08:00:00Z,4693.42
xauusd,2026-05-14T09:00:00Z,4699.7
xauusd,2026-05-14T10:00:00Z,4697.14
xauusd,2026-05-14T11:00:00Z,4694.69
xauusd,2026-05-14T12:00:00Z,4705.38
xauusd,2026-05-14T13:00:00Z,4679.63
xauusd,2026-05-14T14:00:00Z,4679.45
xauusd,2026-05-14T15:00:00Z,4685.65
xauusd,2026-05-14T16:00:00Z,4678.39
xauusd,2026-05-14T17:00:00Z,4678.06
xauusd,2026-05-14T18:00:00Z,4671.72
xauusd,2026-05-14T19:00:00Z,4654.1
xauusd,2026-05-14T20:00:00Z,4652.5
xauusd,2026-05-14T22:00:00Z,4662.08
xauusd,2026-05-14T23:00:00Z,4652.2
xauusd,2026-05-15T00:00:00Z,4630.04
xauusd,2026-05-15T01:00:00Z,4613.23
xauusd,2026-05-15T02:00:00Z,4618.1
xauusd,2026-05-15T03:00:00Z,4615.46
xauusd,2026-05-15T04:00:00Z,4606.27
xauusd,2026-05-15T05:00:00Z,4558.68
xauusd,2026-05-15T06:00:00Z,4569.59
xauusd,2026-05-15T07:00:00Z,4570.83
xauusd,2026-05-15T08:00:00Z,4553.87
xauusd,2026-05-15T09:00:00Z,4545.94
xauusd,2026-05-15T10:00:00Z,4566.24
xauusd,2026-05-15T11:00:00Z,4552.08
xauusd,2026-05-15T12:00:00Z,4546.17
xauusd,2026-05-15T13:00:00Z,4533.55
xauusd,2026-05-15T14:00:00Z,4562.82
xauusd,2026-05-15T15:00:00Z,4539.3
xauusd,2026-05-15T16:00:00Z,4544.66
xauusd,2026-05-15T17:00:00Z,4559.46
xauusd,2026-05-15T18:00:00Z,4559.38
xauusd,2026-05-15T19:00:00Z,4545.92
xauusd,2026-05-15T20:00:00Z,4538.28
xauusd,2026-05-17T22:00:00Z,4545.95
xauusd,2026-05-17T23:00:00Z,4537.12
xauusd,2026-05-18T00:00:00Z,4514.8
xauusd,2026-05-18T01:00:00Z,4525.24
xauusd,2026-05-18T02:00:00Z,4533.75
xauusd,2026-05-18T03:00:00Z,4541.2
xauusd,2026-05-18T04:00:00Z,4540.44
xauusd,2026-05-18T05:00:00Z,4531.11
xauusd,2026-05-18T06:00:00Z,4546.72
xauusd,2026-05-18T07:00:00Z,4546.36
xauusd,2026-05-18T08:00:00Z,4549.94
xauusd,2026-05-18T09:00:00Z,4543.12
xauusd,2026-05-18T10:00:00Z,4540.03
xauusd,2026-05-18T11:00:00Z,4550.6
xauusd,2026-05-18T12:00:00Z,4571.31
xauusd,2026-05-18T13:00:00Z,4575.65
xauusd,2026-05-18T14:00:00Z,4546.58
xauusd,2026-05-18T15:00:00Z,4543.4
xauusd,2026-05-18T16:00:00Z,4550.31
xauusd,2026-05-18T17:00:00Z,4547.12
xauusd,2026-05-18T18:00:00Z,4535.5
xauusd,2026-05-18T19:00:00Z,4558.45
xauusd,2026-05-18T20:00:00Z,4566.31
xauusd,2026-05-18T22:00:00Z,4574.01
xauusd,2026-05-18T23:00:00Z,4581.93
xauusd,2026-05-19T00:00:00Z,4563.0
xauusd,2026-05-19T01:00:00Z,4563.97
xauusd,2026-05-19T02:00:00Z,4547.23
xauusd,2026-05-19T03:00:00Z,4544.94
xauusd,2026-05-19T04:00:00Z,4542.21
xauusd,2026-05-19T05:00:00Z,4540.9
xauusd,2026-05-19T06:00:00Z,4548.44
xauusd,2026-05-19T07:00:00Z,4557.14
xauusd,2026-05-19T08:00:00Z,4543.01
xauusd,2026-05-19T09:00:00Z,4541.47
xauusd,2026-05-19T10:00:00Z,4544.58
xauusd,2026-05-19T11:00:00Z,4530.9
xauusd,2026-05-19T12:00:00Z,4537.12
xauusd,2026-05-19T13:00:00Z,4504.12
xauusd,2026-05-19T14:00:00Z,4494.07
xauusd,2026-05-19T15:00:00Z,4508.15
xauusd,2026-05-19T16:00:00Z,4507.57
xauusd,2026-05-19T17:00:00Z,4501.02
xauusd,2026-05-19T18:00:00Z,4493.41
xauusd,2026-05-19T19:00:00Z,4483.23
xauusd,2026-05-19T20:00:00Z,4481.91
xauusd,2026-05-19T22:00:00Z,4484.37
xauusd,2026-05-19T23:00:00Z,4489.17
xauusd,2026-05-20T00:00:00Z,4500.78
xauusd,2026-05-20T01:00:00Z,4481.42
xauusd,2026-05-20T02:00:00Z,4465.26
xauusd,2026-05-20T03:00:00Z,4463.99
xauusd,2026-05-20T04:00:00Z,4461.96
xauusd,2026-05-20T05:00:00Z,4472.73
xauusd,2026-05-20T06:00:00Z,4474.56
xauusd,2026-05-20T07:00:00Z,4478.67
xauusd,2026-05-20T08:00:00Z,4484.19
xauusd,2026-05-20T09:00:00Z,4484.87
xauusd,2026-05-20T10:00:00Z,4494.44
xauusd,2026-05-20T11:00:00Z,4499.07
xauusd,2026-05-20T12:00:00Z,4495.85
xauusd,2026-05-20T13:00:00Z,4483.16
xauusd,2026-05-20T14:00:00Z,4531.46
xauusd,2026-05-20T15:00:00Z,4528.95
xauusd,2026-05-20T16:00:00Z,4534.43
xauusd,2026-05-20T17:00:00Z,4531.47
xauusd,2026-05-20T18:00:00Z,4542.28
xauusd,2026-05-20T19:00:00Z,4545.99
xauusd,2026-05-20T20:00:00Z,4543.85
xauusd,2026-05-20T22:00:00Z,4540.0
xauusd,2026-05-20T23:00:00Z,4546.71
xauusd,2026-05-21T00:00:00Z,4545.39
xauusd,2026-05-21T01:00:00Z,4560.98
xauusd,2026-05-21T02:00:00Z,4533.61
xauusd,2026-05-21T03:00:00Z,4528.86
xauusd,2026-05-21T04:00:00Z,4538.61
xauusd,2026-05-21T05:00:00Z,4528.02
xauusd,2026-05-21T06:00:00Z,4521.35
xauusd,2026-05-21T07:00:00Z,4519.8
xauusd,2026-05-21T08:00:00Z,4532.44
xauusd,2026-05-21T09:00:00Z,4530.82
xauusd,2026-05-21T10:00:00Z,4511.6
xauusd,2026-05-21T11:00:00Z,4514.03
xauusd,2026-05-21T12:00:00Z,4504.25
xauusd,2026-05-21T13:00:00Z,4512.83
xauusd,2026-05-21T14:00:00Z,4508.93
xauusd,2026-05-21T15:00:00Z,4511.78
xauusd,2026-05-21T16:00:00Z,4519.5
xauusd,2026-05-21T17:00:00Z,4551.52
xauusd,2026-05-21T18:00:00Z,4531.9
xauusd,2026-05-21T19:00:00Z,4542.84
xauusd,2026-05-21T20:00:00Z,4543.0
xauusd,2026-05-21T22:00:00Z,4542.65
xauusd,2026-05-21T23:00:00Z,4535.33
xauusd,2026-05-22T00:00:00Z,4526.6
xauusd,2026-05-22T01:00:00Z,4526.46
xauusd,2026-05-22T02:00:00Z,4523.29
xauusd,2026-05-22T03:00:00Z,4529.55
xauusd,2026-05-22T04:00:00Z,4527.31
xauusd,2026-05-22T05:00:00Z,4511.1
xauusd,2026-05-22T06:00:00Z,4526.96
xauusd,2026-05-22T07:00:00Z,4521.86
xauusd,2026-05-22T08:00:00Z,4521.98
xauusd,2026-05-22T09:00:00Z,4532.33
xauusd,2026-05-22T10:00:00Z,4514.85
xauusd,2026-05-22T11:00:00Z,4520.73
xauusd,2026-05-22T12:00:00Z,4527.57
xauusd,2026-05-22T13:00:00Z,4513.86
xauusd,2026-05-22T14:00:00Z,4500.51
xauusd,2026-05-22T15:00:00Z,4520.21
xauusd,2026-05-22T16:00:00Z,4514.92
xauusd,2026-05-22T17:00:00Z,4519.3
xauusd,2026-05-22T18:00:00Z,4514.87
xauusd,2026-05-22T19:00:00Z,4508.17
xauusd,2026-05-22T20:00:00Z,4506.96
xauusd,2026-05-24T22:00:00Z,4565.03
xauusd,2026-05-24T23:00:00Z,4567.01
xauusd,2026-05-25T00:00:00Z,4569.62
xauusd,2026-05-25T01:00:00Z,4562.95
xauusd,2026-05-25T02:00:00Z,4561.3
xauusd,2026-05-25T03:00:00Z,4559.56
xauusd,2026-05-25T04:00:00Z,4564.87
xauusd,2026-05-25T05:00:00Z,4553.37
xauusd,2026-05-25T06:00:00Z,4562.74
xauusd,2026-05-25T07:00:00Z,4564.83
xauusd,2026-05-25T08:00:00Z,4556.0
xauusd,2026-05-25T09:00:00Z,4567.64
xauusd,2026-05-25T10:00:00Z,4568.62
xauusd,2026-05-25T11:00:00Z,4569.47
xauusd,2026-05-25T12:00:00Z,4567.69
xauusd,2026-05-25T13:00:00Z,4562.91
xauusd,2026-05-25T14:00:00Z,4566.67
xauusd,2026-05-25T15:00:00Z,4570.73
xauusd,2026-05-25T16:00:00Z,4573.57
xauusd,2026-05-25T17:00:00Z,4565.28
xauusd,2026-05-25T18:00:00Z,4570.87
xauusd,2026-05-25T22:00:00Z,4574.99
xauusd,2026-05-25T23:00:00Z,4559.52
xauusd,2026-05-26T00:00:00Z,4549.6
xauusd,2026-05-26T01:00:00Z,4537.1
xauusd,2026-05-26T02:00:00Z,4532.38
xauusd,2026-05-26T03:00:00Z,4542.39
xauusd,2026-05-26T04:00:00Z,4525.53
xauusd,2026-05-26T05:00:00Z,4527.12
xauusd,2026-05-26T06:00:00Z,4530.83
xauusd,2026-05-26T07:00:00Z,4538.12
xauusd,2026-05-26T08:00:00Z,4523.9
xauusd,2026-05-26T09:00:00Z,4522.79
xauusd,2026-05-26T10:00:00Z,4534.51
xauusd,2026-05-26T11:00:00Z,4507.31
xauusd,2026-05-26T12:00:00Z,4520.52
xauusd,2026-05-26T13:00:00Z,4513.74
xauusd,2026-05-26T14:00:00Z,4515.12
xauusd,2026-05-26T15:00:00Z,4506.56
xauusd,2026-05-26T16:00:00Z,4505.02
xauusd,2026-05-26T17:00:00Z,4491.27
xauusd,2026-05-26T18:00:00Z,4499.11
xauusd,2026-05-26T19:00:00Z,4508.71
xauusd,2026-05-26T20:00:00Z,4507.7
xauusd,2026-05-26T22:00:00Z,4510.85
xauusd,2026-05-26T23:00:00Z,4519.47
xauusd,2026-05-27T00:00:00Z,4514.96
xauusd,2026-05-27T01:00:00Z,4507.74
xauusd,2026-05-27T02:00:00Z,4505.92
xauusd,2026-05-27T03:00:00Z,4497.21
xauusd,2026-05-27T04:00:00Z,4509.92
xauusd,2026-05-27T05:00:00Z,4497.79
xauusd,2026-05-27T06:00:00Z,4485.28
xauusd,2026-05-27T07:00:00Z,4482.16
xauusd,2026-05-27T08:00:00Z,4497.69
xauusd,2026-05-27T09:00:00Z,4490.04
xauusd,2026-05-27T10:00:00Z,4445.81
xauusd,2026-05-27T11:00:00Z,4428.51
xauusd,2026-05-27T12:00:00Z,4438.98
xauusd,2026-05-27T13:00:00Z,4427.19
xauusd,2026-05-27T14:00:00Z,4433.87
xauusd,2026-05-27T15:00:00Z,4436.24
xauusd,2026-05-27T16:00:00Z,4450.88
xauusd,2026-05-27T17:00:00Z,4450.34
xauusd,2026-05-27T18:00:00Z,4454.27
xauusd,2026-05-27T19:00:00Z,4450.8
xauusd,2026-05-27T20:00:00Z,4456.43
xauusd,2026-05-27T22:00:00Z,4457.52
xauusd,2026-05-27T23:00:00Z,4447.01
xauusd,2026-05-28T00:00:00Z,4457.29
xauusd,2026-05-28T01:00:00Z,4410.08
xauusd,2026-05-28T02:00:00Z,4394.31
xauusd,2026-05-28T03:00:00Z,4374.65
xauusd,2026-05-28T04:00:00Z,4373.06
xauusd,2026-05-28T05:00:00Z,4387.8
xauusd,2026-05-28T06:00:00Z,4383.37
xauusd,2026-05-28T07:00:00Z,4387.74
xauusd,2026-05-28T08:00:00Z,4387.02
xauusd,2026-05-28T09:00:00Z,4393.43
xauusd,2026-05-28T10:00:00Z,4383.12
xauusd,2026-05-28T11:00:00Z,4387.8
xauusd,2026-05-28T12:00:00Z,4432.02
xauusd,2026-05-28T13:00:00Z,4430.39
xauusd,2026-05-28T14:00:00Z,4469.13
xauusd,2026-05-28T15:00:00Z,4482.1
xauusd,2026-05-28T16:00:00Z,4511.07
xauusd,2026-05-28T17:00:00Z,4508.84
xauusd,2026-05-28T18:00:00Z,4501.32
xauusd,2026-05-28T19:00:00Z,4498.11
xauusd,2026-05-28T20:00:00Z,4495.58
xauusd,2026-05-28T22:00:00Z,4491.35
xauusd,2026-05-28T23:00:00Z,4495.28
xauusd,2026-05-29T00:00:00Z,4495.99
