date,P10,P25,P50,P75,P90
2025-07-08,104.025,116.493,130.449,143.854,155.02
2025-07-09,95.098,107.389,125.932,138.808,150.505
2025-07-10,93.519,108.022,125.322,136.69,147.366
2025-07-11,69.216,97.068,120.315,131.678,143.759
2025-07-12,-7.722,-0.262,3.528,8.665,56.926
2025-07-13,-7.181,-1.593,4.557,10.496,15.839
2025-07-14,99.008,115.734,133.887,146.916,156.633
2025-07-15,99.874,123.722,135.11,149.123,160.476
2025-07-16,96.487,115.127,132.323,147.476,157.883
2025-07-17,73.659,113.4,130.787,143.293,155.06
2025-07-18,75.43,98.218,125.487,140.273,150.334
2025-07-19,-6.475,-0.942,3.754,8.5,38.199
2025-07-20,-9.868,-3.346,1.713,8.754,13.129
2025-07-21,103.499,120.75,136.665,152.051,165.366
2025-07-22,104.486,122.971,137.488,151.445,164.887
2025-07-23,99.046,117.032,137.039,150.402,160.289
2025-07-24,74.648,110.146,131.844,146.995,156.473
2025-07-25,71.105,102.6,130.593,142.951,154.938
2025-07-26,-7.893,-1.833,5.15,10.197,48.732
2025-07-27,-9.134,-2.522,2.926,8.368,17.706
2025-07-28,104.457,126.315,141.21,153.117,165.284
2025-07-29,99.48,117.971,135.329,150.173,162.627
2025-07-30,109.457,123.411,138.133,152.331,164.821
2025-07-31,97.844,115.701,130.8,143.469,155.689
2025-08-01,73.412,109.706,130.093,143.722,155.877
2025-08-02,-7.194,-2.561,3.671,9.927,53.523
2025-08-03,-9.757,-4.188,2.694,8.725,14.702
2025-08-04,105.262,123.22,139.863,153.732,164.478
2025-08-05,105.92,122.014,140.684,152.922,164.592
2025-08-06,103.224,118.821,135.411,149.42,162.49
2025-08-07,101.039,118.882,134.6,147.792,160.599
2025-08-08,79.955,111.853,134.804,149.378,157.703
2025-08-09,-6.718,-2.181,4.775,10.137,56.099
2025-08-10,-9.229,-3.859,1.421,8.223,12.483
2025-08-11,111.016,124.394,143.493,160.328,168.947
2025-08-12,109.552,123.272,139.27,155.962,166.235
2025-08-13,105.509,120.312,135.592,151.12,163.904
2025-08-14,98.327,114.966,135.868,149.257,159.938
2025-08-15,77.873,110.782,131.804,148.292,157.491
2025-08-16,-7.259,-1.467,4.568,8.94,49.27
2025-08-17,-6.638,-2.525,4.563,12.117,16.362
2025-08-18,102.915,122.687,139.544,153.358,165.802
2025-08-19,107.314,125.289,142.314,153.675,169.433
2025-08-20,105.557,120.681,138.881,153.039,164.177
2025-08-21,108.655,123.923,138.136,150.979,165.291
2025-08-22,77.239,102.209,126.968,145.131,155.979
2025-08-23,-8.481,-2.141,3.202,7.016,50.7
2025-08-24,-7.983,-4.19,4.301,11.728,14.91
2025-08-25,107.028,126.461,142.135,156.87,168.723
2025-08-26,107.309,124.848,139.965,152.506,167.216
2025-08-27,104.449,123.39,138.247,152.945,164.072
2025-08-28,80.325,117.629,135.495,150.154,162.207
2025-08-29,80.024,87.841,131.201,147.463,159.988
2025-08-30,-4.993,-0.836,4.444,10.246,55.368
2025-08-31,-5.834,-1.236,2.865,8.541,14.959
2025-09-01,106.314,120.79,141.231,155.286,165.831
2025-09-02,117.758,129.966,145.993,161.693,173.597
2025-09-03,105.387,121.637,140.155,153.628,168.239
2025-09-04,82.475,117.518,138.419,150.952,164.927
2025-09-05,78.713,107.99,133.292,148.522,159.448
2025-09-06,-4.581,-0.61,3.706,8.403,54.265
2025-09-07,-7.586,-1.502,5.092,10.201,17.066
2025-09-08,82.478,125.139,141.216,153.992,164.991
2025-09-09,106.749,125.079,143.949,155.889,166.403
2025-09-10,102.377,120.059,138.568,153.166,164.664
2025-09-11,79.478,118.438,136.27,151.472,161.609
2025-09-12,80.813,112.972,136.752,150.759,163.435
2025-09-13,-7.478,-2.073,4.356,8.199,48.897
2025-09-14,-7.701,-2.508,4.841,7.386,12.37
2025-09-15,108.323,125.438,143.404,157.552,167.769
2025-09-16,111.702,126.095,141.941,154.36,167.048
2025-09-17,101.191,120.714,138.334,151.728,165.975
2025-09-18,106.047,123.332,140.136,153.614,164.678
2025-09-19,78.577,106.39,133.305,150.369,164.041
2025-09-20,-6.981,-2.102,3.268,9.734,53.516
2025-09-21,-6.757,-0.887,4.099,9.511,15.128
2025-09-22,109.75,125.196,140.504,154.278,168.648
2025-09-23,109.262,123.765,141.401,156.436,166.83
2025-09-24,110.683,123.146,139.934,152.627,164.319
2025-09-25,101.641,118.943,136.372,147.84,161.506
2025-09-26,74.727,108.295,129.542,142.811,159.241
2025-09-27,-8.131,-2.464,4.343,9.436,48.244
2025-09-28,-5.555,-0.99,4.008,11.455,16.67
2025-09-29,103.75,125.568,142.202,153.306,164.594
2025-09-30,111.334,125.012,140.936,156.375,167.18
2025-10-01,104.483,122.532,139.072,153.643,162.429
2025-10-02,102.915,123.414,136.711,149.97,164.621
2025-10-03,78.202,110.905,134.263,149.294,159.47
2025-10-04,-8.461,-4.347,1.685,7.794,50.288
2025-10-05,-10.694,-2.312,3.023,8.059,12.006
2025-10-06,112.798,123.653,142.411,157.009,166.045
2025-10-07,110.95,125.573,143.965,155.941,166.421
2025-10-08,105.722,121.29,140.364,155.877,165.992
2025-10-09,80.317,117.559,137.047,148.421,160.792
2025-10-10,81.454,112.522,133.688,146.964,158.877
2025-10-11,-4.45,-1.529,3.626,9.418,50.344
2025-10-12,-8.693,-2.476,4.881,9.299,15.554
2025-10-13,110.76,125.856,140.744,154.401,164.642
2025-10-14,111.448,123.925,142.334,154.8,167.622
2025-10-15,103.465,122.956,141.508,155.303,166.234
2025-10-16,78.07,115.254,133.727,146.855,161.525
2025-10-17,81.152,107.373,134.581,149.459,159.193
2025-10-18,-6.132,-1.934,4.236,9.087,55.553
2025-10-19,-8.329,-2.989,3.955,7.746,13.415
2025-10-20,110.03,123.376,144.935,157.285,168.336
2025-10-21,111.451,125.177,142.475,156.369,165.058
2025-10-22,108.319,126.013,140.817,155.896,166.005
2025-10-23,95.117,121.096,136.641,151.767,160.164
2025-10-24,75.438,112.539,130.307,145.388,154.712
2025-10-25,-4.677,0.264,6.897,13.85,52.076
2025-10-26,-6.67,-0.603,3.617,9.131,14.325
2025-10-27,107.66,123.23,140.631,155.815,169.346
2025-10-28,108.789,125.066,141.754,152.893,163.54
2025-10-29,102.632,121.166,136.844,151.014,161.318
2025-10-30,100.939,119.729,136.427,150.967,163.381
2025-10-31,83.056,116.083,135.225,147.267,159.849
2025-11-01,-5.466,-1.674,2.445,7.758,43.063
2025-11-02,-6.63,-1.667,3.28,9.186,13.785
2025-11-03,106.783,126.771,144.7,156.683,169.753
2025-11-04,107.932,123.609,141.872,156.778,166.715
2025-11-05,105.79,120.346,139.803,153.505,164.162
2025-11-06,95.49,115.56,134.939,150.197,160.864
2025-11-07,81.039,104.239,134.161,148.023,159.885
2025-11-08,-7.431,-2.227,3.941,8.902,44.727
2025-11-09,-5.602,-1.426,3.025,9.904,16.169
2025-11-10,105.291,122.521,140.775,157.181,168.037
2025-11-11,105.47,120.74,140.741,154.581,165.568
2025-11-12,101.747,122.508,139.763,152.181,163.065
2025-11-13,80.218,118.077,135.4,152.406,168.333
2025-11-14,80.258,108.903,131.928,146.471,154.283
2025-11-15,-5.806,-1.084,4.293,9.455,44.902
2025-11-16,-6.979,-2.612,3.293,9.838,14.193
2025-11-17,107.715,125.954,144.705,156.479,168.542
2025-11-18,105.139,121.81,140.452,154.109,168.718
2025-11-19,104.096,119.136,136.099,149.883,160.317
2025-11-20,101.573,116.339,135.987,148.538,161.143
2025-11-21,79.417,114.375,131.633,145.951,157.028
2025-11-22,-5.422,-1.605,5.059,10.031,54.694