Item_Id,Datetime,Price
btc-usd,2026-06-14 00:00:00,64532.28125
btc-usd,2026-06-14 01:00:00,64569.33984375
btc-usd,2026-06-14 02:00:00,64456.28125
btc-usd,2026-06-14 03:00:00,64513.578125
btc-usd,2026-06-14 04:00:00,64310.1015625
btc-usd,2026-06-14 05:00:00,64330.390625
btc-usd,2026-06-14 06:00:00,64258.23828125
btc-usd,2026-06-14 07:00:00,64396.51953125
btc-usd,2026-06-14 08:00:00,64422.05859375
btc-usd,2026-06-14 09:00:00,64577.98828125
btc-usd,2026-06-14 10:00:00,64486.44921875
btc-usd,2026-06-14 11:00:00,64506.0703125
btc-usd,2026-06-14 12:00:00,64294.21875
btc-usd,2026-06-14 13:00:00,64276.1015625
btc-usd,2026-06-14 14:00:00,63950.23828125
btc-usd,2026-06-14 15:00:00,63986.1796875
btc-usd,2026-06-14 16:00:00,63908.80859375
btc-usd,2026-06-14 17:00:00,63696.578125
btc-usd,2026-06-14 18:00:00,63775.7109375
btc-usd,2026-06-14 19:00:00,63762.62890625
btc-usd,2026-06-14 20:00:00,63971.98828125
btc-usd,2026-06-14 21:00:00,65284.66015625
btc-usd,2026-06-14 22:00:00,65384.5390625
btc-usd,2026-06-14 23:00:00,65707.5
btc-usd,2026-06-15 00:00:00,65588.1796875
btc-usd,2026-06-15 01:00:00,65484.44140625
btc-usd,2026-06-15 02:00:00,65424.5
btc-usd,2026-06-15 03:00:00,65869.9921875
btc-usd,2026-06-15 04:00:00,65604.96875
btc-usd,2026-06-15 05:00:00,65825.046875
btc-usd,2026-06-15 06:00:00,65770.828125
btc-usd,2026-06-15 07:00:00,65630.9609375
btc-usd,2026-06-15 08:00:00,65614.8125
btc-usd,2026-06-15 09:00:00,65550.453125
btc-usd,2026-06-15 10:00:00,65876.8828125
btc-usd,2026-06-15 11:00:00,66190.0078125
btc-usd,2026-06-15 12:00:00,66527.34375
btc-usd,2026-06-15 13:00:00,66392.0390625
btc-usd,2026-06-15 14:00:00,66543.203125
btc-usd,2026-06-15 15:00:00,67231.578125
btc-usd,2026-06-15 16:00:00,67123.890625
btc-usd,2026-06-15 17:00:00,66813.9296875
btc-usd,2026-06-15 18:00:00,66735.9375
btc-usd,2026-06-15 19:00:00,66553.7265625
btc-usd,2026-06-15 20:00:00,66483.75
btc-usd,2026-06-15 21:00:00,66335.40625
btc-usd,2026-06-15 22:00:00,66156.0
btc-usd,2026-06-15 23:00:00,66274.921875
btc-usd,2026-06-16 00:00:00,66215.8984375
btc-usd,2026-06-16 01:00:00,66304.171875
btc-usd,2026-06-16 02:00:00,65704.9765625
btc-usd,2026-06-16 03:00:00,66111.75
btc-usd,2026-06-16 04:00:00,65800.0
btc-usd,2026-06-16 05:00:00,66020.15625
btc-usd,2026-06-16 06:00:00,66406.25
btc-usd,2026-06-16 07:00:00,66334.1796875
btc-usd,2026-06-16 08:00:00,66848.8984375
btc-usd,2026-06-16 09:00:00,66461.6484375
btc-usd,2026-06-16 10:00:00,66456.8984375
btc-usd,2026-06-16 11:00:00,66440.4921875
btc-usd,2026-06-16 12:00:00,66367.9765625
btc-usd,2026-06-16 13:00:00,65997.9921875
btc-usd,2026-06-16 14:00:00,65604.09375
btc-usd,2026-06-16 15:00:00,65811.3984375
btc-usd,2026-06-16 16:00:00,65694.34375
btc-usd,2026-06-16 17:00:00,65915.703125
btc-usd,2026-06-16 18:00:00,65781.8671875
btc-usd,2026-06-16 19:00:00,65624.1875
btc-usd,2026-06-16 20:00:00,65792.703125
btc-usd,2026-06-16 21:00:00,65703.7109375
btc-usd,2026-06-16 22:00:00,65710.109375
btc-usd,2026-06-16 23:00:00,65616.6484375
btc-usd,2026-06-17 00:00:00,65644.671875
btc-usd,2026-06-17 01:00:00,65871.0234375
btc-usd,2026-06-17 02:00:00,65847.9921875
btc-usd,2026-06-17 03:00:00,65785.2265625
btc-usd,2026-06-17 04:00:00,65831.7265625
btc-usd,2026-06-17 05:00:00,65768.1015625
btc-usd,2026-06-17 06:00:00,65554.3828125
btc-usd,2026-06-17 07:00:00,65472.28125
btc-usd,2026-06-17 08:00:00,64861.96875
btc-usd,2026-06-17 09:00:00,64849.921875
btc-usd,2026-06-17 10:00:00,64739.51171875
btc-usd,2026-06-17 11:00:00,64749.51953125
btc-usd,2026-06-17 12:00:00,64983.37890625
btc-usd,2026-06-17 13:00:00,65225.0
btc-usd,2026-06-17 14:00:00,65040.8984375
btc-usd,2026-06-17 15:00:00,65696.9609375
btc-usd,2026-06-17 16:00:00,65802.5703125
btc-usd,2026-06-17 17:00:00,66030.0078125
btc-usd,2026-06-17 18:00:00,65457.96875
btc-usd,2026-06-17 19:00:00,64256.828125
btc-usd,2026-06-17 20:00:00,64370.66015625
btc-usd,2026-06-17 21:00:00,64196.98046875
btc-usd,2026-06-17 22:00:00,64234.0
btc-usd,2026-06-17 23:00:00,64452.66015625
btc-usd,2026-06-18 00:00:00,64399.98828125
btc-usd,2026-06-18 01:00:00,64484.25
btc-usd,2026-06-18 02:00:00,64620.01171875
btc-usd,2026-06-18 03:00:00,64215.05078125
btc-usd,2026-06-18 04:00:00,63809.87890625
btc-usd,2026-06-18 05:00:00,63920.5390625
btc-usd,2026-06-18 06:00:00,64011.3515625
btc-usd,2026-06-18 07:00:00,64440.87109375
btc-usd,2026-06-18 08:00:00,64336.01171875
btc-usd,2026-06-18 09:00:00,64144.890625
btc-usd,2026-06-18 10:00:00,64014.48828125
btc-usd,2026-06-18 11:00:00,63901.921875
btc-usd,2026-06-18 12:00:00,64309.2109375
btc-usd,2026-06-18 13:00:00,63911.6796875
btc-usd,2026-06-18 14:00:00,63733.078125
btc-usd,2026-06-18 15:00:00,62294.87890625
btc-usd,2026-06-18 16:00:00,62602.01953125
btc-usd,2026-06-18 17:00:00,62515.03125
btc-usd,2026-06-18 18:00:00,62621.5
btc-usd,2026-06-18 19:00:00,62859.1015625
btc-usd,2026-06-18 20:00:00,63012.28125
btc-usd,2026-06-18 21:00:00,62889.73046875
btc-usd,2026-06-18 22:00:00,62815.69921875
btc-usd,2026-06-18 23:00:00,62879.01171875
btc-usd,2026-06-19 00:00:00,62949.87109375
btc-usd,2026-06-19 01:00:00,62951.96875
btc-usd,2026-06-19 02:00:00,62929.98828125
btc-usd,2026-06-19 03:00:00,62702.0703125
btc-usd,2026-06-19 04:00:00,62387.140625
btc-usd,2026-06-19 05:00:00,62675.80859375
btc-usd,2026-06-19 06:00:00,62829.3203125
btc-usd,2026-06-19 07:00:00,62561.2109375
btc-usd,2026-06-19 08:00:00,62529.421875
btc-usd,2026-06-19 09:00:00,62317.12109375
btc-usd,2026-06-19 10:00:00,62466.30859375
btc-usd,2026-06-19 11:00:00,62570.51953125
btc-usd,2026-06-19 12:00:00,62768.44140625
btc-usd,2026-06-19 13:00:00,63151.171875
btc-usd,2026-06-19 14:00:00,63145.390625
btc-usd,2026-06-19 15:00:00,63147.37109375
btc-usd,2026-06-19 16:00:00,62911.5390625
btc-usd,2026-06-19 17:00:00,63143.62109375
btc-usd,2026-06-19 18:00:00,63049.5390625
btc-usd,2026-06-19 19:00:00,62968.94140625
btc-usd,2026-06-19 20:00:00,63190.23828125
btc-usd,2026-06-19 21:00:00,63015.1015625
btc-usd,2026-06-19 22:00:00,63256.94140625
btc-usd,2026-06-19 23:00:00,63475.6484375
btc-usd,2026-06-20 00:00:00,63464.0
btc-usd,2026-06-20 01:00:00,63529.73828125
btc-usd,2026-06-20 02:00:00,63279.62890625
btc-usd,2026-06-20 03:00:00,63424.51953125
btc-usd,2026-06-20 04:00:00,63520.01953125
btc-usd,2026-06-20 05:00:00,63613.05078125
btc-usd,2026-06-20 06:00:00,63678.421875
btc-usd,2026-06-20 07:00:00,63582.55859375
btc-usd,2026-06-20 08:00:00,63358.48828125
btc-usd,2026-06-20 09:00:00,63667.0703125
btc-usd,2026-06-20 10:00:00,63609.6015625
btc-usd,2026-06-20 11:00:00,63617.41015625
btc-usd,2026-06-20 12:00:00,63594.44921875
btc-usd,2026-06-20 13:00:00,63342.0
btc-usd,2026-06-20 14:00:00,63881.9609375
btc-usd,2026-06-20 15:00:00,64086.05859375
btc-usd,2026-06-20 16:00:00,63967.890625
btc-usd,2026-06-20 17:00:00,63751.171875
btc-usd,2026-06-20 18:00:00,63733.28125
btc-usd,2026-06-20 19:00:00,63867.359375
btc-usd,2026-06-20 20:00:00,63858.6796875
btc-usd,2026-06-20 21:00:00,63937.01171875
btc-usd,2026-06-20 22:00:00,64196.98828125
btc-usd,2026-06-20 23:00:00,64245.30859375
btc-usd,2026-06-21 00:00:00,64207.98828125
btc-usd,2026-06-21 01:00:00,64175.171875
btc-usd,2026-06-21 02:00:00,64155.01171875
btc-usd,2026-06-21 03:00:00,64337.5390625
btc-usd,2026-06-21 04:00:00,64199.05078125
btc-usd,2026-06-21 05:00:00,64178.01171875
btc-usd,2026-06-21 06:00:00,64219.9609375
btc-usd,2026-06-21 07:00:00,64117.05859375
btc-usd,2026-06-21 08:00:00,63935.3515625
btc-usd,2026-06-21 09:00:00,64126.0
btc-usd,2026-06-21 10:00:00,64285.16015625
btc-usd,2026-06-21 11:00:00,64087.19140625
btc-usd,2026-06-21 12:00:00,64107.671875
btc-usd,2026-06-21 13:00:00,64068.69921875
btc-usd,2026-06-21 14:00:00,64061.2890625
btc-usd,2026-06-21 15:00:00,64143.98828125
btc-usd,2026-06-21 16:00:00,64065.578125
btc-usd,2026-06-21 17:00:00,64065.30078125
btc-usd,2026-06-21 18:00:00,64140.0
btc-usd,2026-06-21 19:00:00,64119.96875
btc-usd,2026-06-21 20:00:00,63759.03125
btc-usd,2026-06-21 21:00:00,63723.98828125
btc-usd,2026-06-21 22:00:00,63724.91015625
btc-usd,2026-06-21 23:00:00,63224.87109375
btc-usd,2026-06-22 00:00:00,63811.80078125
btc-usd,2026-06-22 01:00:00,64532.69921875
btc-usd,2026-06-22 02:00:00,64181.73828125
btc-usd,2026-06-22 03:00:00,63888.71875
btc-usd,2026-06-22 04:00:00,64013.359375
btc-usd,2026-06-22 05:00:00,64164.80859375
btc-usd,2026-06-22 06:00:00,63910.01171875
btc-usd,2026-06-22 07:00:00,64131.3984375
btc-usd,2026-06-22 08:00:00,64089.58984375
btc-usd,2026-06-22 09:00:00,64074.578125
btc-usd,2026-06-22 10:00:00,64066.37109375
btc-usd,2026-06-22 11:00:00,64582.23828125
btc-usd,2026-06-22 12:00:00,65077.578125
btc-usd,2026-06-22 13:00:00,65502.76953125
btc-usd,2026-06-22 14:00:00,64896.1015625
btc-usd,2026-06-22 15:00:00,64765.421875
btc-usd,2026-06-22 16:00:00,64641.08984375
btc-usd,2026-06-22 17:00:00,64529.19921875
btc-usd,2026-06-22 18:00:00,64264.73828125
btc-usd,2026-06-22 19:00:00,64431.01953125
btc-usd,2026-06-22 20:00:00,64359.171875
btc-usd,2026-06-22 21:00:00,64246.41015625
btc-usd,2026-06-22 22:00:00,63889.98828125
btc-usd,2026-06-22 23:00:00,63950.609375
btc-usd,2026-06-23 00:00:00,64069.328125
btc-usd,2026-06-23 01:00:00,64078.71875
btc-usd,2026-06-23 02:00:00,64122.71875
btc-usd,2026-06-23 03:00:00,63987.8203125
btc-usd,2026-06-23 04:00:00,63538.0
btc-usd,2026-06-23 05:00:00,63321.01171875
btc-usd,2026-06-23 06:00:00,62861.8984375
btc-usd,2026-06-23 07:00:00,62805.5
btc-usd,2026-06-23 08:00:00,62308.1484375
btc-usd,2026-06-23 09:00:00,62307.1015625
btc-usd,2026-06-23 10:00:00,62237.25
btc-usd,2026-06-23 11:00:00,62432.7890625
btc-usd,2026-06-23 12:00:00,62180.5
btc-usd,2026-06-23 13:00:00,62396.01171875
btc-usd,2026-06-23 14:00:00,62419.28125
btc-usd,2026-06-23 15:00:00,62401.98828125
btc-usd,2026-06-23 16:00:00,62463.6484375
btc-usd,2026-06-23 17:00:00,62271.421875
btc-usd,2026-06-23 18:00:00,62155.8984375
btc-usd,2026-06-23 19:00:00,62326.75
btc-usd,2026-06-23 20:00:00,62387.37890625
btc-usd,2026-06-23 21:00:00,62515.05078125
btc-usd,2026-06-23 22:00:00,62509.9609375
btc-usd,2026-06-23 23:00:00,62644.73828125
btc-usd,2026-06-24 00:00:00,62933.08984375
btc-usd,2026-06-24 01:00:00,62849.37890625
btc-usd,2026-06-24 02:00:00,62546.328125
btc-usd,2026-06-24 03:00:00,62649.7109375
btc-usd,2026-06-24 04:00:00,62661.75
btc-usd,2026-06-24 05:00:00,62801.98828125
btc-usd,2026-06-24 06:00:00,62691.828125
btc-usd,2026-06-24 07:00:00,62561.19140625
btc-usd,2026-06-24 08:00:00,62707.5
btc-usd,2026-06-24 09:00:00,62594.41015625
btc-usd,2026-06-24 10:00:00,62355.6015625
btc-usd,2026-06-24 11:00:00,62832.03125
btc-usd,2026-06-24 12:00:00,62521.19921875
btc-usd,2026-06-24 13:00:00,61224.91015625
btc-usd,2026-06-24 14:00:00,61012.4609375
btc-usd,2026-06-24 15:00:00,60176.73828125
btc-usd,2026-06-24 16:00:00,59775.98828125
btc-usd,2026-06-24 17:00:00,59312.12890625
btc-usd,2026-06-24 18:00:00,59496.78125
btc-usd,2026-06-24 19:00:00,59870.51953125
btc-usd,2026-06-24 20:00:00,60866.21875
btc-usd,2026-06-24 21:00:00,61029.98828125
btc-usd,2026-06-24 22:00:00,60778.4296875
btc-usd,2026-06-24 23:00:00,60983.140625
btc-usd,2026-06-25 00:00:00,60717.98046875
btc-usd,2026-06-25 01:00:00,60819.98046875
btc-usd,2026-06-25 02:00:00,60697.66015625
btc-usd,2026-06-25 03:00:00,60781.01953125
btc-usd,2026-06-25 04:00:00,61255.1796875
btc-usd,2026-06-25 05:00:00,61498.828125
btc-usd,2026-06-25 06:00:00,61628.0
btc-usd,2026-06-25 07:00:00,61816.7890625
btc-usd,2026-06-25 08:00:00,61608.94921875
btc-usd,2026-06-25 09:00:00,61634.48046875
btc-usd,2026-06-25 10:00:00,61180.390625
btc-usd,2026-06-25 11:00:00,61179.078125
btc-usd,2026-06-25 12:00:00,61132.62890625
btc-usd,2026-06-25 13:00:00,58051.359375
btc-usd,2026-06-25 14:00:00,59369.83984375
btc-usd,2026-06-25 15:00:00,59456.96875
btc-usd,2026-06-25 16:00:00,59214.28125
btc-usd,2026-06-25 17:00:00,59579.078125
btc-usd,2026-06-25 18:00:00,59396.921875
btc-usd,2026-06-25 19:00:00,59217.0703125
btc-usd,2026-06-25 20:00:00,59351.76171875
btc-usd,2026-06-25 21:00:00,60128.8984375
btc-usd,2026-06-25 22:00:00,59748.73828125
btc-usd,2026-06-25 23:00:00,59699.62109375
btc-usd,2026-06-26 00:00:00,59572.1015625
btc-usd,2026-06-26 01:00:00,59340.98828125
btc-usd,2026-06-26 02:00:00,58461.8203125
btc-usd,2026-06-26 03:00:00,59945.390625
btc-usd,2026-06-26 04:00:00,59830.921875
btc-usd,2026-06-26 05:00:00,59860.01953125
btc-usd,2026-06-26 06:00:00,60233.0390625
btc-usd,2026-06-26 07:00:00,60432.1015625
btc-usd,2026-06-26 08:00:00,60147.3515625
btc-usd,2026-06-26 09:00:00,59644.0
btc-usd,2026-06-26 10:00:00,59226.2890625
btc-usd,2026-06-26 11:00:00,59321.6796875
btc-usd,2026-06-26 12:00:00,59087.03125
btc-usd,2026-06-26 13:00:00,60058.609375
btc-usd,2026-06-26 14:00:00,59499.96875
btc-usd,2026-06-26 15:00:00,60234.01171875
btc-usd,2026-06-26 16:00:00,59950.078125
btc-usd,2026-06-26 17:00:00,59929.0
btc-usd,2026-06-26 18:00:00,59563.23046875
btc-usd,2026-06-26 19:00:00,59716.0
btc-usd,2026-06-26 20:00:00,59620.51171875
btc-usd,2026-06-26 21:00:00,59826.01171875
btc-usd,2026-06-26 22:00:00,59957.98828125
btc-usd,2026-06-26 23:00:00,59999.28125
btc-usd,2026-06-27 00:00:00,59974.7109375
btc-usd,2026-06-27 01:00:00,59854.171875
btc-usd,2026-06-27 02:00:00,60190.19921875
btc-usd,2026-06-27 03:00:00,60205.5
btc-usd,2026-06-27 04:00:00,60149.98046875
btc-usd,2026-06-27 05:00:00,60143.98828125
btc-usd,2026-06-27 06:00:00,60274.12890625
btc-usd,2026-06-27 07:00:00,60451.640625
btc-usd,2026-06-27 08:00:00,60353.69140625
btc-usd,2026-06-27 09:00:00,60312.76171875
btc-usd,2026-06-27 10:00:00,60317.98828125
btc-usd,2026-06-27 11:00:00,60264.73046875
btc-usd,2026-06-27 12:00:00,60324.4296875
btc-usd,2026-06-27 13:00:00,60485.03125
btc-usd,2026-06-27 14:00:00,60510.21875
btc-usd,2026-06-27 15:00:00,60740.03125
btc-usd,2026-06-27 16:00:00,60710.390625
btc-usd,2026-06-27 17:00:00,60424.0703125
btc-usd,2026-06-27 18:00:00,60475.421875
btc-usd,2026-06-27 19:00:00,60077.6484375
btc-usd,2026-06-27 20:00:00,60193.25
btc-usd,2026-06-27 21:00:00,60102.51171875
btc-usd,2026-06-27 22:00:00,60135.01171875
btc-usd,2026-06-27 23:00:00,59934.83984375
btc-usd,2026-06-28 00:00:00,60044.01953125
btc-usd,2026-06-28 01:00:00,60130.640625
btc-usd,2026-06-28 02:00:00,60051.23828125
btc-usd,2026-06-28 03:00:00,60105.91015625
btc-usd,2026-06-28 04:00:00,60046.140625
btc-usd,2026-06-28 05:00:00,59892.01171875
btc-usd,2026-06-28 06:00:00,59908.69140625
btc-usd,2026-06-28 07:00:00,60132.0
btc-usd,2026-06-28 08:00:00,60278.94921875
btc-usd,2026-06-28 09:00:00,60169.78125
btc-usd,2026-06-28 10:00:00,60076.80859375
btc-usd,2026-06-28 11:00:00,60251.96875
btc-usd,2026-06-28 12:00:00,60207.828125
btc-usd,2026-06-28 13:00:00,59976.9609375
btc-usd,2026-06-28 14:00:00,59939.2890625
btc-usd,2026-06-28 15:00:00,59802.48828125
btc-usd,2026-06-28 16:00:00,59600.01171875
btc-usd,2026-06-28 17:00:00,59493.109375
btc-usd,2026-06-28 18:00:00,59520.0703125
btc-usd,2026-06-28 19:00:00,59391.66015625
btc-usd,2026-06-28 20:00:00,59559.05078125
btc-usd,2026-06-28 21:00:00,59339.51171875
btc-usd,2026-06-28 22:00:00,58970.828125
btc-usd,2026-06-28 23:00:00,59472.30078125
btc-usd,2026-06-29 00:00:00,59575.140625
btc-usd,2026-06-29 01:00:00,59342.5703125
btc-usd,2026-06-29 02:00:00,59653.359375
btc-usd,2026-06-29 03:00:00,59942.828125
btc-usd,2026-06-29 04:00:00,59729.94921875
btc-usd,2026-06-29 05:00:00,60002.55859375
btc-usd,2026-06-29 06:00:00,59983.2890625
btc-usd,2026-06-29 07:00:00,59932.609375
btc-usd,2026-06-29 08:00:00,59740.37109375
btc-usd,2026-06-29 09:00:00,59968.19921875
btc-usd,2026-06-29 10:00:00,60000.78125
btc-usd,2026-06-29 11:00:00,59870.91015625
btc-usd,2026-06-29 12:00:00,59857.66015625
btc-usd,2026-06-29 13:00:00,59455.55859375
btc-usd,2026-06-29 14:00:00,59348.71875
btc-usd,2026-06-29 15:00:00,59705.76171875
btc-usd,2026-06-29 16:00:00,59784.91015625
btc-usd,2026-06-29 17:00:00,60318.44921875
btc-usd,2026-06-29 18:00:00,60198.05078125
btc-usd,2026-06-29 19:00:00,60331.28125
btc-usd,2026-06-29 20:00:00,60197.6796875
btc-usd,2026-06-29 21:00:00,60390.921875
btc-usd,2026-06-29 22:00:00,60261.9609375
btc-usd,2026-06-29 23:00:00,60161.5390625
btc-usd,2026-06-30 00:00:00,59744.66015625
btc-usd,2026-06-30 01:00:00,59845.33984375
btc-usd,2026-06-30 02:00:00,59842.5703125
btc-usd,2026-06-30 03:00:00,59515.140625
btc-usd,2026-06-30 04:00:00,59385.2890625
btc-usd,2026-06-30 05:00:00,59545.328125
btc-usd,2026-06-30 06:00:00,59493.98828125
btc-usd,2026-06-30 07:00:00,59430.01171875
btc-usd,2026-06-30 08:00:00,59208.859375
btc-usd,2026-06-30 09:00:00,59276.01171875
btc-usd,2026-06-30 10:00:00,59238.12890625
btc-usd,2026-06-30 11:00:00,59076.8203125
btc-usd,2026-06-30 12:00:00,58284.359375
btc-usd,2026-06-30 13:00:00,58630.01953125
btc-usd,2026-06-30 14:00:00,58369.94921875
btc-usd,2026-06-30 15:00:00,58267.41015625
btc-usd,2026-06-30 16:00:00,58391.33984375
btc-usd,2026-06-30 17:00:00,58325.9609375
btc-usd,2026-06-30 18:00:00,58580.44921875
btc-usd,2026-06-30 19:00:00,58726.3515625
btc-usd,2026-06-30 20:00:00,58630.890625
btc-usd,2026-06-30 21:00:00,58541.55078125
btc-usd,2026-06-30 22:00:00,58513.921875
btc-usd,2026-06-30 23:00:00,58523.9296875
