Item_Id,Date,Price
spy,2024-02-01,474.8745422363281
spy,2024-02-02,479.873779296875
spy,2024-02-05,478.1264953613281
spy,2024-02-06,479.5146484375
spy,2024-02-07,483.513916015625
spy,2024-02-08,483.7275695800781
spy,2024-02-09,486.5232238769531
spy,2024-02-12,486.3096008300781
spy,2024-02-13,479.6116943359375
spy,2024-02-14,483.9701843261719
spy,2024-02-15,487.3094787597656
spy,2024-02-16,484.8826904296875
spy,2024-02-20,482.21319580078125
spy,2024-02-21,482.6500244140625
spy,2024-02-22,492.638671875
spy,2024-02-23,492.9784240722656
spy,2024-02-26,491.1728820800781
spy,2024-02-27,492.08538818359375
spy,2024-02-28,491.43499755859375
spy,2024-02-29,493.2016906738281
spy,2024-03-01,497.8320007324219
spy,2024-03-04,497.2981262207031
spy,2024-03-05,492.32806396484375
spy,2024-03-06,494.82281494140625
spy,2024-03-07,499.734619140625
spy,2024-03-08,496.735107421875
spy,2024-03-11,496.3080139160156
spy,2024-03-12,501.64703369140625
spy,2024-03-13,500.86065673828125
spy,2024-03-14,499.87054443359375
spy,2024-03-15,496.4381103515625
spy,2024-03-18,499.3885192871094
spy,2024-03-19,502.16363525390625
spy,2024-03-20,506.8083190917969
spy,2024-03-21,508.48321533203125
spy,2024-03-22,507.5192565917969
spy,2024-03-25,506.1170349121094
spy,2024-03-26,505.1822204589844
spy,2024-03-27,509.4277038574219
spy,2024-03-28,509.330322265625
spy,2024-04-01,508.4442138671875
spy,2024-04-02,505.21148681640625
spy,2024-04-03,505.7665100097656
spy,2024-04-04,499.593017578125
spy,2024-04-05,504.812255859375
spy,2024-04-08,505.0945739746094
spy,2024-04-09,505.6788024902344
spy,2024-04-10,500.615478515625
spy,2024-04-11,504.3935241699219
spy,2024-04-12,497.4313659667969
spy,2024-04-15,491.1994323730469
spy,2024-04-16,490.3036193847656
spy,2024-04-17,487.40185546875
spy,2024-04-18,486.3989562988281
spy,2024-04-19,482.1534423828125
spy,2024-04-22,486.59375
spy,2024-04-23,492.3678894042969
spy,2024-04-24,492.1341857910156
spy,2024-04-25,490.2646179199219
spy,2024-04-26,494.9093322753906
spy,2024-04-29,496.662109375
spy,2024-04-30,488.7943420410156
spy,2024-05-01,487.20721435546875
spy,2024-05-02,491.7641906738281
spy,2024-05-03,497.85980224609375
spy,2024-05-06,503.0010986328125
spy,2024-05-07,503.55609130859375
spy,2024-05-08,503.6047668457031
spy,2024-05-09,506.5065002441406
spy,2024-05-10,507.1589660644531
spy,2024-05-13,507.22705078125
spy,2024-05-14,509.5542297363281
spy,2024-05-15,515.8641357421875
spy,2024-05-16,514.802734375
spy,2024-05-17,515.542724609375
spy,2024-05-20,516.1367797851562
spy,2024-05-21,517.4027099609375
spy,2024-05-22,515.912841796875
spy,2024-05-23,512.1444702148438
spy,2024-05-24,515.5330810546875
spy,2024-05-28,515.893310546875
spy,2024-05-29,512.28076171875
spy,2024-05-30,508.8823547363281
spy,2024-05-31,513.5173950195312
spy,2024-06-03,513.9361572265625
spy,2024-06-04,514.5106201171875
spy,2024-06-05,520.6256103515625
spy,2024-06-06,520.6159057617188
spy,2024-06-07,519.9829711914062
spy,2024-06-10,521.589599609375
spy,2024-06-11,522.8458251953125
spy,2024-06-12,527.1399536132812
spy,2024-06-13,528.2012939453125
spy,2024-06-14,528.522705078125
spy,2024-06-17,532.7291259765625
spy,2024-06-18,534.0826416015625
spy,2024-06-20,532.6318359375
spy,2024-06-21,531.9176025390625
spy,2024-06-24,530.1886596679688
spy,2024-06-25,532.2303466796875
spy,2024-06-26,532.89453125
spy,2024-06-27,533.734619140625
spy,2024-06-28,531.6343383789062
spy,2024-07-01,532.728515625
spy,2024-07-02,536.3136596679688
spy,2024-07-03,538.7069702148438
spy,2024-07-05,541.8134765625
spy,2024-07-08,542.4386596679688
spy,2024-07-09,542.9661254882812
spy,2024-07-10,548.3389892578125
spy,2024-07-11,543.61083984375
spy,2024-07-12,547.0396728515625
spy,2024-07-15,548.5440673828125
spy,2024-07-16,551.7970581054688
spy,2024-07-17,544.0601806640625
spy,2024-07-18,539.8792114257812
spy,2024-07-19,536.2941284179688
spy,2024-07-22,541.8231811523438
spy,2024-07-23,540.973388671875
spy,2024-07-24,528.7135620117188
spy,2024-07-25,525.9586791992188
spy,2024-07-26,531.8492431640625
spy,2024-07-29,532.161865234375
spy,2024-07-30,529.4656982421875
spy,2024-07-31,538.0719604492188
spy,2024-08-01,530.4524536132812
spy,2024-08-02,520.576171875
spy,2024-08-05,505.4151306152344
spy,2024-08-06,510.0748596191406
spy,2024-08-07,506.66552734375
spy,2024-08-08,518.378173828125
spy,2024-08-09,520.6640625
spy,2024-08-12,520.9376220703125
spy,2024-08-13,529.5046997070312
spy,2024-08-14,531.17529296875
spy,2024-08-15,540.2797241210938
spy,2024-08-16,541.4910278320312
spy,2024-08-19,546.66845703125
spy,2024-08-20,545.779541015625
spy,2024-08-21,547.6551513671875
spy,2024-08-22,543.3568725585938
spy,2024-08-23,549.1301879882812
spy,2024-08-26,547.8211059570312
spy,2024-08-27,548.5734252929688
spy,2024-08-28,545.3887939453125
spy,2024-08-29,545.4375610351562
spy,2024-08-30,550.6444091796875
spy,2024-09-03,539.3125610351562
spy,2024-09-04,538.208740234375
spy,2024-09-05,536.899658203125
spy,2024-09-06,527.8637084960938
spy,2024-09-09,533.773681640625
spy,2024-09-10,536.0987548828125
spy,2024-09-11,541.5985107421875
spy,2024-09-12,546.1605834960938
spy,2024-09-13,549.012939453125
spy,2024-09-16,549.82373046875
spy,2024-09-17,550.0484008789062
spy,2024-09-18,548.4171752929688
spy,2024-09-19,557.7755126953125
spy,2024-09-20,556.811279296875
spy,2024-09-23,558.2027587890625
spy,2024-09-24,559.7999877929688
spy,2024-09-25,558.5653076171875
spy,2024-09-26,560.7798461914062
spy,2024-09-27,559.9664916992188
spy,2024-09-30,562.2103881835938
spy,2024-10-01,557.1739501953125
spy,2024-10-02,557.4090576171875
spy,2024-10-03,556.3900146484375
spy,2024-10-04,561.4461059570312
spy,2024-10-07,556.3704223632812
spy,2024-10-08,561.6323852539062
spy,2024-10-09,565.5224609375
spy,2024-10-10,564.5326538085938
spy,2024-10-11,567.9132690429688
spy,2024-10-14,572.5579223632812
spy,2024-10-15,568.1092529296875
spy,2024-10-16,570.5785522460938
spy,2024-10-17,570.6275024414062
spy,2024-10-18,572.822509765625
spy,2024-10-21,571.8817749023438
spy,2024-10-22,571.5780029296875
spy,2024-10-23,566.3553466796875
spy,2024-10-24,567.5801391601562
spy,2024-10-25,567.3840942382812
spy,2024-10-28,569.1381225585938
spy,2024-10-29,570.0592651367188
spy,2024-10-30,568.3346557617188
spy,2024-10-31,557.1935424804688
spy,2024-11-01,559.5452270507812
spy,2024-11-04,558.3399047851562
spy,2024-11-05,565.0911865234375
spy,2024-11-06,579.142578125
spy,2024-11-07,583.62060546875
spy,2024-11-08,586.1486206054688
spy,2024-11-11,586.7071533203125
spy,2024-11-12,584.8846435546875
spy,2024-11-13,585.168701171875
spy,2024-11-14,581.4060668945312
spy,2024-11-15,573.9591064453125
spy,2024-11-18,576.3108520507812
spy,2024-11-19,578.41748046875
spy,2024-11-20,578.6134033203125
spy,2024-11-21,581.7196655273438
spy,2024-11-22,583.5226440429688
spy,2024-11-25,585.5020141601562
spy,2024-11-26,588.5591430664062
spy,2024-11-27,586.7757568359375
spy,2024-11-29,590.4210205078125
spy,2024-12-02,591.4791259765625
spy,2024-12-03,591.7535400390625
spy,2024-12-04,595.427978515625
spy,2024-12-05,594.4481201171875
spy,2024-12-06,595.5750122070312
spy,2024-12-09,592.5079956054688
spy,2024-12-10,590.6658935546875
spy,2024-12-11,595.2321166992188
spy,2024-12-12,592.1651000976562
spy,2024-12-13,592.0474853515625
spy,2024-12-16,594.5755615234375
spy,2024-12-17,592.1257934570312
spy,2024-12-18,574.4784545898438
spy,2024-12-19,574.3020629882812
spy,2024-12-20,581.1998901367188
spy,2024-12-23,584.680419921875
spy,2024-12-24,591.1791381835938
spy,2024-12-26,591.2184448242188
spy,2024-12-27,584.9949340820312
spy,2024-12-30,578.3192749023438
spy,2024-12-31,576.21533203125
spy,2025-01-02,574.7994995117188
spy,2025-01-03,581.9864501953125
spy,2025-01-06,585.3391723632812
spy,2025-01-07,578.7224731445312
spy,2025-01-08,579.5679321289062
spy,2025-01-10,570.7193603515625
spy,2025-01-13,571.604248046875
spy,2025-01-14,572.3907470703125
spy,2025-01-15,582.802490234375
spy,2025-01-16,581.6817016601562
spy,2025-01-17,587.5217895507812
spy,2025-01-21,592.8995361328125
spy,2025-01-22,596.2326049804688
spy,2025-01-23,599.4868774414062
spy,2025-01-24,597.7367553710938
spy,2025-01-27,589.2816162109375
spy,2025-01-28,594.3448486328125
spy,2025-01-29,591.6804809570312
spy,2025-01-30,594.856201171875
spy,2025-01-31,591.6903686523438
spy,2025-02-03,587.70849609375
spy,2025-02-04,591.6510009765625
spy,2025-02-05,594.0499877929688
spy,2025-02-06,596.1146240234375
spy,2025-02-07,590.6580810546875
spy,2025-02-10,594.6693725585938
spy,2025-02-11,595.1216430664062
spy,2025-02-12,593.2044677734375
spy,2025-02-13,599.4672241210938
spy,2025-02-14,599.4376831054688
spy,2025-02-18,601.1975708007812
spy,2025-02-19,602.61328125
spy,2025-02-20,600.1062622070312
spy,2025-02-21,589.8421020507812
spy,2025-02-24,587.1578979492188
spy,2025-02-25,584.2379150390625
spy,2025-02-26,584.5328369140625
spy,2025-02-27,575.20263671875
spy,2025-02-28,584.1790161132812
spy,2025-03-03,573.9441528320312
spy,2025-03-04,567.1505126953125
spy,2025-03-05,573.2460327148438
spy,2025-03-06,563.0703125
spy,2025-03-07,566.2261962890625
spy,2025-03-10,551.14453125
spy,2025-03-11,546.5629272460938
spy,2025-03-12,549.4633178710938
spy,2025-03-13,542.138671875
spy,2025-03-14,553.3369750976562
spy,2025-03-17,557.6038818359375
spy,2025-03-18,551.5770874023438
spy,2025-03-19,557.584228515625
spy,2025-03-20,555.9718627929688
spy,2025-03-21,556.1552124023438
spy,2025-03-24,566.1151733398438
spy,2025-03-25,567.4760131835938
spy,2025-03-26,560.7013549804688
spy,2025-03-27,559.2122802734375
spy,2025-03-28,547.9507446289062
spy,2025-03-31,551.62890625
spy,2025-04-01,553.1870727539062
spy,2025-04-02,556.687744140625
spy,2025-04-03,529.2537231445312
spy,2025-04-04,498.2696838378906
spy,2025-04-07,497.3822021484375
spy,2025-04-08,489.591796875
spy,2025-04-09,541.0083618164062
spy,2025-04-10,517.3019409179688
spy,2025-04-11,526.5320434570312
spy,2025-04-14,531.64013671875
spy,2025-04-15,530.1510620117188
spy,2025-04-16,518.366943359375
spy,2025-04-17,519.1065063476562
spy,2025-04-21,506.7503662109375
spy,2025-04-22,519.9348754882812
spy,2025-04-23,527.991455078125
spy,2025-04-24,539.1051025390625
spy,2025-04-25,543.0003662109375
spy,2025-04-28,543.2073364257812
spy,2025-04-29,546.6293334960938
spy,2025-04-30,546.8462524414062
spy,2025-05-01,550.7216186523438
spy,2025-05-02,558.8966674804688
spy,2025-05-05,555.6917724609375
spy,2025-05-06,551.047119140625
spy,2025-05-07,553.3645629882812
spy,2025-05-08,557.2202758789062
spy,2025-05-09,556.51025390625
spy,2025-05-12,574.9015502929688
spy,2025-05-13,578.6981811523438
spy,2025-05-14,579.437744140625
spy,2025-05-15,582.267822265625
spy,2025-05-16,585.9559936523438
spy,2025-05-19,586.596923828125
spy,2025-05-20,584.6246948242188
spy,2025-05-21,574.7732543945312
spy,2025-05-22,575.0001831054688
spy,2025-05-23,571.0753784179688
spy,2025-05-27,582.9483032226562
spy,2025-05-28,579.5757446289062
spy,2025-05-29,581.8635864257812
spy,2025-05-30,581.2128295898438
spy,2025-06-02,584.4867553710938
spy,2025-06-03,587.8197631835938
spy,2025-06-04,587.6619262695312
spy,2025-06-05,584.8219604492188
spy,2025-06-06,590.8274536132812
spy,2025-06-09,591.3599243164062
spy,2025-06-10,594.7128295898438
spy,2025-06-11,593.0166625976562
spy,2025-06-12,595.37353515625
spy,2025-06-13,588.7171630859375
spy,2025-06-16,594.318359375
spy,2025-06-17,589.2398681640625
spy,2025-06-18,589.1510620117188
spy,2025-06-20,587.7673950195312
spy,2025-06-23,593.5730590820312
spy,2025-06-24,600.13037109375
spy,2025-06-25,600.4666748046875
spy,2025-06-26,605.1646118164062
spy,2025-06-27,608.1712646484375
spy,2025-06-30,611.0789794921875
spy,2025-07-01,610.8812866210938
spy,2025-07-02,613.650634765625
spy,2025-07-03,618.487060546875
spy,2025-07-07,613.8779907226562
spy,2025-07-08,613.5418090820312
spy,2025-07-09,617.2210083007812
spy,2025-07-10,618.9617309570312
spy,2025-07-11,616.785888671875
spy,2025-07-14,617.9627685546875
spy,2025-07-15,615.322021484375
spy,2025-07-16,617.3792114257812
spy,2025-07-17,621.1573486328125
spy,2025-07-18,620.7024536132812
spy,2025-07-21,621.87939453125
spy,2025-07-22,621.9684448242188
spy,2025-07-23,627.259765625
spy,2025-07-24,627.4674682617188
spy,2025-07-25,630.1181030273438
spy,2025-07-28,629.9598999023438
spy,2025-07-29,628.29833984375
spy,2025-07-30,627.5070190429688
spy,2025-07-31,625.1531372070312
spy,2025-08-01,614.9065551757812
spy,2025-08-04,624.2531127929688
spy,2025-08-05,621.088134765625
spy,2025-08-06,625.8455200195312
spy,2025-08-07,625.3212890625
spy,2025-08-08,630.1972045898438
spy,2025-08-11,628.9510498046875
spy,2025-08-12,635.6468505859375
spy,2025-08-13,637.8228149414062
spy,2025-08-14,637.882080078125
spy,2025-08-15,636.3886108398438
spy,2025-08-18,636.2501831054688
spy,2025-08-19,632.79833984375
spy,2025-08-20,631.1170043945312
spy,2025-08-21,628.5851440429688
spy,2025-08-22,638.2381591796875
spy,2025-08-25,635.4292602539062
spy,2025-08-26,638.0897827148438
spy,2025-08-27,639.543701171875
spy,2025-08-28,641.8085327148438
spy,2025-08-29,637.9810180664062
spy,2025-09-02,633.25341796875
spy,2025-09-03,636.6853637695312
spy,2025-09-04,642.0064086914062
spy,2025-09-05,640.14697265625
spy,2025-09-08,641.7196044921875
spy,2025-09-09,643.203125
spy,2025-09-10,645.0625
spy,2025-09-11,650.4231567382812
spy,2025-09-12,650.2054443359375
spy,2025-09-15,653.6671752929688
spy,2025-09-16,652.7671508789062
spy,2025-09-17,651.9561157226562
spy,2025-09-18,655.0023193359375
spy,2025-09-19,658.2465209960938
spy,2025-09-22,661.3606567382812
spy,2025-09-23,657.7606201171875
spy,2025-09-24,655.6677856445312
spy,2025-09-25,652.6429443359375
spy,2025-09-26,656.3819580078125
spy,2025-09-29,658.2266845703125
spy,2025-09-30,660.7061157226562
spy,2025-10-01,662.95751953125
spy,2025-10-02,663.7210693359375
spy,2025-10-03,663.7112426757812
spy,2025-10-06,666.0914916992188
spy,2025-10-07,663.6219482421875
spy,2025-10-08,667.5791625976562
spy,2025-10-09,665.6452026367188
spy,2025-10-10,647.6542358398438
spy,2025-10-13,657.5919189453125
spy,2025-10-14,656.78857421875
spy,2025-10-15,659.7044067382812
spy,2025-10-16,655.2117309570312
spy,2025-10-17,658.9308471679688
spy,2025-10-20,665.7840576171875
spy,2025-10-21,665.7741088867188
spy,2025-10-22,662.3128051757812
spy,2025-10-23,666.2402954101562
spy,2025-10-24,671.6851806640625
spy,2025-10-27,679.6094970703125
spy,2025-10-28,681.41455078125
spy,2025-10-29,681.7418823242188
spy,2025-10-30,674.2439575195312
spy,2025-10-31,676.4556274414062
spy,2025-11-03,677.7251586914062
spy,2025-11-04,669.6917114257812
spy,2025-11-05,672.0125122070312
spy,2025-11-06,664.8021850585938
spy,2025-11-07,665.4567260742188
spy,2025-11-10,675.8407592773438
spy,2025-11-11,677.3878784179688
spy,2025-11-12,677.7647705078125
spy,2025-11-13,666.5179443359375
spy,2025-11-14,666.408935546875
spy,2025-11-17,660.2002563476562
spy,2025-11-18,654.65625
spy,2025-11-19,657.185302734375
spy,2025-11-20,647.1683349609375
spy,2025-11-21,653.6148681640625
spy,2025-11-24,663.2351684570312
spy,2025-11-25,669.4734497070312
spy,2025-11-26,674.09521484375
spy,2025-11-28,677.7747192382812
spy,2025-12-01,674.6803588867188
spy,2025-12-02,675.9300537109375
spy,2025-12-03,678.2706298828125
spy,2025-12-04,678.7665405273438
spy,2025-12-05,680.0557861328125
spy,2025-12-08,678.0127563476562
spy,2025-12-09,677.4275512695312
spy,2025-12-10,681.92041015625
spy,2025-12-11,683.5072021484375
spy,2025-12-12,676.1580810546875
spy,2025-12-15,675.1365356445312
spy,2025-12-16,673.2918701171875
spy,2025-12-17,665.8832397460938
spy,2025-12-18,670.9114990234375
spy,2025-12-19,676.9923095703125
spy,2025-12-22,681.2098388671875
spy,2025-12-23,684.3233032226562
spy,2025-12-24,686.7305297851562
spy,2025-12-26,686.660888671875
spy,2025-12-29,684.2138671875
spy,2025-12-30,683.3782958984375
spy,2025-12-31,678.3152465820312
spy,2026-01-02,679.55859375
spy,2026-01-05,684.0845947265625
spy,2026-01-06,688.1529541015625
spy,2026-01-07,685.9347534179688
spy,2026-01-08,685.8651123046875
spy,2026-01-09,690.4010009765625
spy,2026-01-12,691.4852294921875
spy,2026-01-13,690.1026000976562
spy,2026-01-14,686.7105712890625
spy,2026-01-15,688.5806884765625
spy,2026-01-16,688.0037231445312
spy,2026-01-20,673.9981689453125
spy,2026-01-21,681.77685546875
spy,2026-01-22,685.3379516601562
spy,2026-01-23,685.5865478515625
spy,2026-01-26,689.068115234375
spy,2026-01-27,691.8134765625
spy,2026-01-28,691.7438354492188
spy,2026-01-29,690.3711547851562
spy,2026-01-30,688.3121337890625
spy,2026-02-02,691.73388671875
spy,2026-02-03,685.885009765625
spy,2026-02-04,682.5626831054688
spy,2026-02-05,674.0379638671875
spy,2026-02-06,686.96923828125
spy,2026-02-09,690.2816162109375
spy,2026-02-10,688.4613037109375
spy,2026-02-11,688.3021850585938
spy,2026-02-12,677.668701171875
spy,2026-02-13,678.1461181640625
spy,2026-02-17,679.2402954101562
spy,2026-02-18,682.662109375
spy,2026-02-19,680.8616943359375
spy,2026-02-20,685.7855834960938
spy,2026-02-23,678.7827758789062
spy,2026-02-24,683.7164916992188
spy,2026-02-25,689.4859008789062
spy,2026-02-26,685.6561889648438
spy,2026-02-27,682.3637084960938
spy,2026-03-02,682.7516479492188
spy,2026-03-03,676.7337036132812
spy,2026-03-04,681.50830078125
spy,2026-03-05,677.7084350585938
spy,2026-03-06,668.8256225585938
spy,2026-03-09,674.6845092773438
spy,2026-03-10,673.6002807617188
spy,2026-03-11,672.7548217773438
spy,2026-03-12,662.5390625
spy,2026-03-13,658.7890014648438
spy,2026-03-16,665.493408203125
spy,2026-03-17,667.2440185546875
spy,2026-03-18,657.9335327148438
spy,2026-03-19,656.3121337890625
spy,2026-03-20,646.9034423828125
spy,2026-03-23,653.6959228515625
spy,2026-03-24,651.5015869140625
spy,2026-03-25,655.1322021484375
spy,2026-03-26,643.432373046875
spy,2026-03-27,632.4606323242188
spy,2026-03-30,630.3460693359375
spy,2026-03-31,648.6688842773438
spy,2026-04-01,653.5562744140625
spy,2026-04-02,654.144775390625
spy,2026-04-06,657.23681640625
spy,2026-04-07,657.5260009765625
spy,2026-04-08,674.27294921875
spy,2026-04-09,678.162841796875
spy,2026-04-10,677.7140502929688
spy,2026-04-13,684.3369750976562
spy,2026-04-14,692.675537109375
spy,2026-04-15,698.1414184570312
spy,2026-04-16,699.8569946289062
spy,2026-04-17,708.3152465820312
spy,2026-04-20,706.8988037109375
spy,2026-04-21,702.2708129882812
spy,2026-04-22,709.3825073242188
spy,2026-04-23,706.6295776367188
spy,2026-04-24,712.10546875
spy,2026-04-27,713.332275390625
spy,2026-04-28,709.8612060546875
spy,2026-04-29,709.7515258789062
spy,2026-04-30,716.8132934570312
spy,2026-05-01,718.7982177734375
spy,2026-05-04,716.1649780273438
spy,2026-05-05,721.9102172851562
spy,2026-05-06,731.9443359375
spy,2026-05-07,729.7001342773438
spy,2026-05-08,735.724609375
spy,2026-05-11,737.4002685546875
spy,2026-05-12,736.2831420898438
spy,2026-05-13,740.4025268554688
spy,2026-05-14,746.2474975585938
spy,2026-05-15,737.2706298828125
spy,2026-05-18,736.751953125
spy,2026-05-19,731.8446044921875
spy,2026-05-20,739.3452758789062
spy,2026-05-21,740.8114624023438
spy,2026-05-22,743.7239990234375
spy,2026-05-26,748.6613159179688
spy,2026-05-27,748.5316162109375
spy,2026-05-28,752.6609497070312
spy,2026-05-29,754.5361328125
spy,2026-06-01,756.5908203125
spy,2026-06-02,757.6182250976562
spy,2026-06-03,752.3018798828125
spy,2026-06-04,755.1445922851562
spy,2026-06-05,735.65478515625
spy,2026-06-08,737.3204345703125
spy,2026-06-09,735.1560668945312
spy,2026-06-10,723.56591796875
spy,2026-06-11,735.8642578125
spy,2026-06-12,739.843994140625
spy,2026-06-15,752.890380859375
spy,2026-06-16,748.4019775390625
spy,2026-06-17,739.0560302734375
spy,2026-06-18,746.739990234375
spy,2026-06-22,744.3900146484375
spy,2026-06-23,733.5800170898438
spy,2026-06-24,733.239990234375
spy,2026-06-25,734.2999877929688
spy,2026-06-26,728.989990234375
spy,2026-06-29,741.0
spy,2026-06-30,746.77001953125
