date,P1,P10,P50,P90,P99
2026-05-28,38.567,41.13,80.561,105.6,115.618
2026-05-29,35.395,40.931,76.591,102.026,108.017
2026-05-30,-0.201,-0.169,-0.08,32.349,52.266
2026-05-31,-0.231,-0.157,-0.07,0.017,46.826
2026-06-01,36.382,62.953,78.492,101.451,113.648
2026-06-02,39.785,62.595,84.271,104.906,109.808
2026-06-03,28.202,61.624,77.688,100.155,111.323
2026-06-04,38.436,60.324,80.14,103.447,107.739
2026-06-05,35.44,39.457,75.687,99.384,110.529
2026-06-06,-0.183,-0.139,-0.061,34.547,60.662
2026-06-07,-0.237,-0.161,-0.071,0.009,49.331
2026-06-08,37.282,60.086,79.889,104.091,111.382
2026-06-09,38.258,61.294,77.025,104.465,109.639
2026-06-10,53.249,59.901,76.926,100.263,113.524
2026-06-11,33.891,57.377,79.076,103.934,109.013
2026-06-12,34.336,38.16,72.211,102.14,109.855
2026-06-13,-0.234,-0.155,-0.082,20.164,57.99
2026-06-14,-0.244,-0.167,-0.064,0.014,29.007
2026-06-15,34.896,37.145,73.272,98.8,112.945
2026-06-16,35.948,59.048,75.312,103.645,110.256
2026-06-17,36.027,56.789,72.499,102.581,107.324
2026-06-18,35.013,57.996,73.803,98.272,109.971
2026-06-19,35.244,38.523,75.1,101.986,110.356
2026-06-20,-0.228,-0.184,-0.084,35.05,59.506
2026-06-21,-0.245,-0.162,-0.082,0.015,45.505
2026-06-22,35.97,58.707,80.482,101.48,110.911
2026-06-23,29.024,60.087,77.739,102.21,110.563
2026-06-24,35.131,59.827,78.672,101.842,107.317
2026-06-25,33.747,56.281,74.896,102.417,109.4
2026-06-26,35.051,36.766,81.327,102.2,108.699
2026-06-27,-0.18,-0.158,-0.083,42.913,60.802
2026-06-28,-0.245,-0.173,-0.075,0.019,48.716
2026-06-29,38.234,39.788,76.158,105.309,109.692
2026-06-30,36.078,60.383,85.182,103.432,111.822
2026-07-01,36.784,58.902,75.123,103.911,112.911
2026-07-02,36.427,57.479,75.178,98.982,119.337
2026-07-03,30.658,38.868,75.462,102.052,112.191
2026-07-04,-0.247,-0.166,-0.078,41.202,61.427
2026-07-05,-0.209,-0.154,-0.072,0.028,32.16
2026-07-06,38.375,60.367,78.126,106.259,114.328
2026-07-07,36.9,59.36,76.338,98.429,111.321
2026-07-08,36.099,58.444,74.795,102.586,110.495
2026-07-09,34.222,58.478,77.746,102.19,107.146
2026-07-10,34.399,37.421,75.427,103.332,113.015
2026-07-11,-0.228,-0.157,-0.071,24.144,50.187
2026-07-12,-0.252,-0.184,-0.059,0.037,49.325
2026-07-13,33.806,58.995,81.937,104.409,113.391
2026-07-14,36.171,59.889,81.954,105.22,111.141
2026-07-15,35.996,58.24,74.88,105.468,120.243
2026-07-16,33.191,37.253,75.299,101.415,114.758
2026-07-17,35.183,37.056,71.962,99.096,108.709
2026-07-18,-0.212,-0.142,-0.068,38.208,62.345
2026-07-19,-0.225,-0.18,-0.091,0.014,0.072
2026-07-20,37.359,58.05,73.19,101.634,111.474
2026-07-21,32.457,59.616,82.247,105.112,122.213
2026-07-22,30.833,58.189,83.895,105.201,113.212
2026-07-23,30.324,58.473,77.176,102.869,110.437
2026-07-24,33.285,36.659,84.259,103.792,111.986
2026-07-25,-0.246,-0.155,-0.078,31.712,60.656
2026-07-26,-0.255,-0.183,-0.074,0.016,38.268
2026-07-27,37.423,38.88,79.799,99.568,116.988
2026-07-28,24.693,58.966,81.685,103.24,109.249
2026-07-29,40.345,60.24,77.532,102.717,121.898
2026-07-30,33.137,55.574,77.412,102.095,120.22
2026-07-31,32.078,36.276,70.529,99.46,109.423
2026-08-01,-0.226,-0.167,-0.067,23.991,61.132
2026-08-02,-0.355,-0.167,-0.062,0.018,44.103
2026-08-03,35.241,58.709,82.079,105.774,112.865
2026-08-04,34.584,59.287,72.797,103.421,112.543
2026-08-05,33.952,58.458,83.516,104.721,113.128
2026-08-06,35.439,56.991,81.435,102.079,122.907
2026-08-07,33.708,36.225,71.546,99.619,116.795
2026-08-08,-0.252,-0.169,-0.081,21.64,62.267
2026-08-09,-0.246,-0.158,-0.062,0.027,39.452
2026-08-10,35.076,58.673,79.514,105.474,113.127
2026-08-11,33.664,57.652,74.013,104.733,114.189
2026-08-12,29.304,56.812,82.286,102.578,117.602
2026-08-13,27.656,56.129,72.227,105.345,112.838
2026-08-14,32.341,35.252,71.151,100.701,110.984
2026-08-15,-0.24,-0.163,-0.076,44.341,60.57
2026-08-16,-0.246,-0.17,-0.063,0.003,31.618
2026-08-17,35.571,38.51,75.864,106.442,122.748
2026-08-18,33.336,58.624,81.785,105.036,116.369
2026-08-19,32.56,57.114,84.035,106.214,120.009
2026-08-20,32.211,56.513,81.768,103.427,125.57
2026-08-21,32.696,35.049,72.873,104.622,126.471
2026-08-22,-0.211,-0.154,-0.06,32.641,51.56
2026-08-23,-0.193,-0.154,-0.077,0.005,21.288
2026-08-24,33.335,38.509,77.943,106.334,123.992
2026-08-25,34.269,58.22,78.075,105.806,131.032
2026-08-26,33.307,57.077,74.707,102.902,122.879
2026-08-27,33.316,36.309,75.161,101.328,124.974
2026-08-28,33.037,34.94,72.134,100.69,123.779
2026-08-29,-0.229,-0.138,-0.071,-0.004,60.626
2026-08-30,-0.245,-0.165,-0.076,0.014,46.001
2026-08-31,-75.982,28.551,74.063,137.819,210.69
2026-09-01,29.987,59.245,76.808,110.358,126.805
2026-09-02,30.283,58.314,78.676,115.625,130.661
2026-09-03,31.943,59.563,81.592,114.906,135.281
2026-09-04,34.28,38.081,81.254,114.41,127.401
2026-09-05,-0.244,-0.173,-0.076,29.183,48.088
2026-09-06,-0.264,-0.161,-0.079,0.023,57.843
2026-09-07,33.533,58.598,80.533,114.973,136.122
2026-09-08,51.701,59.964,81.977,113.577,134.296
2026-09-09,34.806,59.008,84.725,115.606,129.483
2026-09-10,31.678,55.371,76.365,110.665,130.44
2026-09-11,32.353,36.138,76.887,113.693,129.565
2026-09-12,-0.235,-0.156,-0.069,41.905,60.295
2026-09-13,-0.239,-0.199,-0.058,0.019,49.3
2026-09-14,34.441,58.49,83.833,114.062,131.602
2026-09-15,34.006,58.577,85.555,114.225,128.811
2026-09-16,34.711,58.785,85.236,113.743,131.478
2026-09-17,33.513,56.808,84.288,115.112,129.824
2026-09-18,31.417,36.561,73.87,114.432,127.908